-- phpMyAdmin SQL Dump
-- version 4.9.7
-- https://www.phpmyadmin.net/
--
-- Host: localhost:8889
-- Generation Time: Apr 04, 2021 at 12:25 AM
-- Server version: 5.7.32
-- PHP Version: 7.4.12

SET SQL_MODE = "NO_AUTO_VALUE_ON_ZERO";
SET time_zone = "+00:00";

--
-- Database: `emg_bd`
--
CREATE DATABASE IF NOT EXISTS `emg_bd` DEFAULT CHARACTER SET utf8 COLLATE utf8_general_ci;
USE `emg_bd`;

-- --------------------------------------------------------

--
-- Table structure for table `actividad`
--



CREATE TABLE `actividad` (
  `id` bigint(20) UNSIGNED NOT NULL,
  `vigencia` int(11) DEFAULT NULL,
  `categoria_actividad_id` bigint(20) UNSIGNED DEFAULT NULL,
  `created_at` timestamp NULL DEFAULT NULL,
  `updated_at` timestamp NULL DEFAULT NULL,
  `orden_trabajo_id` bigint(20) UNSIGNED DEFAULT NULL
) ENGINE=InnoDB DEFAULT CHARSET=utf8mb4 COLLATE=utf8mb4_unicode_ci;

-- --------------------------------------------------------

--
-- Table structure for table `categoria_actividad`
--

CREATE TABLE `categoria_actividad` (
  `id` bigint(20) UNSIGNED NOT NULL,
  `vigencia` int(11) DEFAULT NULL,
  `descripcion` varchar(255) COLLATE utf8mb4_unicode_ci NOT NULL DEFAULT '',
  `created_at` timestamp NULL DEFAULT NULL,
  `updated_at` timestamp NULL DEFAULT NULL
) ENGINE=InnoDB DEFAULT CHARSET=utf8mb4 COLLATE=utf8mb4_unicode_ci;

--
-- Dumping data for table `categoria_actividad`
--

INSERT INTO `categoria_actividad` (`id`, `vigencia`, `descripcion`, `created_at`, `updated_at`) VALUES
(1, 1, 'Descripcion y/o requerimiento', NULL, NULL),
(2, 1, 'Descripcion trabajos realizados', NULL, NULL),
(3, 1, 'Observaciones y/o diagnostico', NULL, NULL),
(4, 1, 'Repuestos', NULL, NULL),
(5, 1, 'Fluidos', NULL, NULL),
(6, 1, 'Insumos', NULL, NULL);

-- --------------------------------------------------------

--
-- Table structure for table `comuna`
--

CREATE TABLE `comuna` (
  `id` bigint(20) UNSIGNED NOT NULL,
  `vigencia` int(11) DEFAULT NULL,
  `provincia_id` int(11) NOT NULL,
  `descripcion` varchar(45) NOT NULL DEFAULT ''
) ENGINE=InnoDB DEFAULT CHARSET=utf8;

--
-- Dumping data for table `comuna`
--

INSERT INTO `comuna` (`id`, `vigencia`, `provincia_id`, `descripcion`) VALUES
(1, NULL, 1, 'Arica'),
(2, NULL, 1, 'Camarones'),
(3, NULL, 2, 'General Lagos'),
(4, NULL, 2, 'Putre'),
(5, NULL, 3, 'Alto Hospicio'),
(6, NULL, 3, 'Iquique'),
(7, NULL, 4, 'Camiña'),
(8, NULL, 4, 'Colchane'),
(9, NULL, 4, 'Huara'),
(10, NULL, 4, 'Pica'),
(11, NULL, 4, 'Pozo Almonte'),
(12, NULL, 5, 'Tocopilla'),
(13, NULL, 5, 'María Elena'),
(14, NULL, 6, 'Calama'),
(15, NULL, 6, 'Ollague'),
(16, NULL, 6, 'San Pedro de Atacama'),
(17, NULL, 7, 'Antofagasta'),
(18, NULL, 7, 'Mejillones'),
(19, NULL, 7, 'Sierra Gorda'),
(20, NULL, 7, 'Taltal'),
(21, NULL, 8, 'Chañaral'),
(22, NULL, 8, 'Diego de Almagro'),
(23, NULL, 9, 'Copiapó'),
(24, NULL, 9, 'Caldera'),
(25, NULL, 9, 'Tierra Amarilla'),
(26, NULL, 10, 'Vallenar'),
(27, NULL, 10, 'Alto del Carmen'),
(28, NULL, 10, 'Freirina'),
(29, NULL, 10, 'Huasco'),
(30, NULL, 11, 'La Serena'),
(31, NULL, 11, 'Coquimbo'),
(32, NULL, 11, 'Andacollo'),
(33, NULL, 11, 'La Higuera'),
(34, NULL, 11, 'Paihuano'),
(35, NULL, 11, 'Vicuña'),
(36, NULL, 12, 'Ovalle'),
(37, NULL, 12, 'Combarbalá'),
(38, NULL, 12, 'Monte Patria'),
(39, NULL, 12, 'Punitaqui'),
(40, NULL, 12, 'Río Hurtado'),
(41, NULL, 13, 'Illapel'),
(42, NULL, 13, 'Canela'),
(43, NULL, 13, 'Los Vilos'),
(44, NULL, 13, 'Salamanca'),
(45, NULL, 14, 'La Ligua'),
(46, NULL, 14, 'Cabildo'),
(47, NULL, 14, 'Zapallar'),
(48, NULL, 14, 'Papudo'),
(49, NULL, 14, 'Petorca'),
(50, NULL, 15, 'Los Andes'),
(51, NULL, 15, 'San Esteban'),
(52, NULL, 15, 'Calle Larga'),
(53, NULL, 15, 'Rinconada'),
(54, NULL, 16, 'San Felipe'),
(55, NULL, 16, 'Llaillay'),
(56, NULL, 16, 'Putaendo'),
(57, NULL, 16, 'Santa María'),
(58, NULL, 16, 'Catemu'),
(59, NULL, 16, 'Panquehue'),
(60, NULL, 17, 'Quillota'),
(61, NULL, 17, 'La Cruz'),
(62, NULL, 17, 'La Calera'),
(63, NULL, 17, 'Nogales'),
(64, NULL, 17, 'Hijuelas'),
(65, NULL, 18, 'Valparaíso'),
(66, NULL, 18, 'Viña del Mar'),
(67, NULL, 18, 'Concón'),
(68, NULL, 18, 'Quintero'),
(69, NULL, 18, 'Puchuncaví'),
(70, NULL, 18, 'Casablanca'),
(71, NULL, 18, 'Juan Fernández'),
(72, NULL, 19, 'San Antonio'),
(73, NULL, 19, 'Cartagena'),
(74, NULL, 19, 'El Tabo'),
(75, NULL, 19, 'El Quisco'),
(76, NULL, 19, 'Algarrobo'),
(77, NULL, 19, 'Santo Domingo'),
(78, NULL, 20, 'Isla de Pascua'),
(79, NULL, 21, 'Quilpué'),
(80, NULL, 21, 'Limache'),
(81, NULL, 21, 'Olmué'),
(82, NULL, 21, 'Villa Alemana'),
(83, NULL, 22, 'Colina'),
(84, NULL, 22, 'Lampa'),
(85, NULL, 22, 'Tiltil'),
(86, NULL, 23, 'Santiago'),
(87, NULL, 23, 'Vitacura'),
(88, NULL, 23, 'San Ramón'),
(89, NULL, 23, 'San Miguel'),
(90, NULL, 23, 'San Joaquín'),
(91, NULL, 23, 'Renca'),
(92, NULL, 23, 'Recoleta'),
(93, NULL, 23, 'Quinta Normal'),
(94, NULL, 23, 'Quilicura'),
(95, NULL, 23, 'Pudahuel'),
(96, NULL, 23, 'Providencia'),
(97, NULL, 23, 'Peñalolén'),
(98, NULL, 23, 'Pedro Aguirre Cerda'),
(99, NULL, 23, 'Ñuñoa'),
(100, NULL, 23, 'Maipú'),
(101, NULL, 23, 'Macul'),
(102, NULL, 23, 'Lo Prado'),
(103, NULL, 23, 'Lo Espejo'),
(104, NULL, 23, 'Lo Barnechea'),
(105, NULL, 23, 'Las Condes'),
(106, NULL, 23, 'La Reina'),
(107, NULL, 23, 'La Pintana'),
(108, NULL, 23, 'La Granja'),
(109, NULL, 23, 'La Florida'),
(110, NULL, 23, 'La Cisterna'),
(111, NULL, 23, 'Independencia'),
(112, NULL, 23, 'Huechuraba'),
(113, NULL, 23, 'Estación Central'),
(114, NULL, 23, 'El Bosque'),
(115, NULL, 23, 'Conchalí'),
(116, NULL, 23, 'Cerro Navia'),
(117, NULL, 23, 'Cerrillos'),
(118, NULL, 24, 'Puente Alto'),
(119, NULL, 24, 'San José de Maipo'),
(120, NULL, 24, 'Pirque'),
(121, NULL, 25, 'San Bernardo'),
(122, NULL, 25, 'Buin'),
(123, NULL, 25, 'Paine'),
(124, NULL, 25, 'Calera de Tango'),
(125, NULL, 26, 'Melipilla'),
(126, NULL, 26, 'Alhué'),
(127, NULL, 26, 'Curacaví'),
(128, NULL, 26, 'María Pinto'),
(129, NULL, 26, 'San Pedro'),
(130, NULL, 27, 'Isla de Maipo'),
(131, NULL, 27, 'El Monte'),
(132, NULL, 27, 'Padre Hurtado'),
(133, NULL, 27, 'Peñaflor'),
(134, NULL, 27, 'Talagante'),
(135, NULL, 28, 'Codegua'),
(136, NULL, 28, 'Coínco'),
(137, NULL, 28, 'Coltauco'),
(138, NULL, 28, 'Doñihue'),
(139, NULL, 28, 'Graneros'),
(140, NULL, 28, 'Las Cabras'),
(141, NULL, 28, 'Machalí'),
(142, NULL, 28, 'Malloa'),
(143, NULL, 28, 'Mostazal'),
(144, NULL, 28, 'Olivar'),
(145, NULL, 28, 'Peumo'),
(146, NULL, 28, 'Pichidegua'),
(147, NULL, 28, 'Quinta de Tilcoco'),
(148, NULL, 28, 'Rancagua'),
(149, NULL, 28, 'Rengo'),
(150, NULL, 28, 'Requínoa'),
(151, NULL, 28, 'San Vicente de Tagua Tagua'),
(152, NULL, 29, 'Chépica'),
(153, NULL, 29, 'Chimbarongo'),
(154, NULL, 29, 'Lolol'),
(155, NULL, 29, 'Nancagua'),
(156, NULL, 29, 'Palmilla'),
(157, NULL, 29, 'Peralillo'),
(158, NULL, 29, 'Placilla'),
(159, NULL, 29, 'Pumanque'),
(160, NULL, 29, 'San Fernando'),
(161, NULL, 29, 'Santa Cruz'),
(162, NULL, 30, 'La Estrella'),
(163, NULL, 30, 'Litueche'),
(164, NULL, 30, 'Marchigüe'),
(165, NULL, 30, 'Navidad'),
(166, NULL, 30, 'Paredones'),
(167, NULL, 30, 'Pichilemu'),
(168, NULL, 31, 'Curicó'),
(169, NULL, 31, 'Hualañé'),
(170, NULL, 31, 'Licantén'),
(171, NULL, 31, 'Molina'),
(172, NULL, 31, 'Rauco'),
(173, NULL, 31, 'Romeral'),
(174, NULL, 31, 'Sagrada Familia'),
(175, NULL, 31, 'Teno'),
(176, NULL, 31, 'Vichuquén'),
(177, NULL, 32, 'Talca'),
(178, NULL, 32, 'San Clemente'),
(179, NULL, 32, 'Pelarco'),
(180, NULL, 32, 'Pencahue'),
(181, NULL, 32, 'Maule'),
(182, NULL, 32, 'San Rafael'),
(183, NULL, 33, 'Curepto'),
(184, NULL, 32, 'Constitución'),
(185, NULL, 32, 'Empedrado'),
(186, NULL, 32, 'Río Claro'),
(187, NULL, 33, 'Linares'),
(188, NULL, 33, 'San Javier'),
(189, NULL, 33, 'Parral'),
(190, NULL, 33, 'Villa Alegre'),
(191, NULL, 33, 'Longaví'),
(192, NULL, 33, 'Colbún'),
(193, NULL, 33, 'Retiro'),
(194, NULL, 33, 'Yerbas Buenas'),
(195, NULL, 34, 'Cauquenes'),
(196, NULL, 34, 'Chanco'),
(197, NULL, 34, 'Pelluhue'),
(198, NULL, 35, 'Bulnes'),
(199, NULL, 35, 'Chillán'),
(200, NULL, 35, 'Chillán Viejo'),
(201, NULL, 35, 'El Carmen'),
(202, NULL, 35, 'Pemuco'),
(203, NULL, 35, 'Pinto'),
(204, NULL, 35, 'Quillón'),
(205, NULL, 35, 'San Ignacio'),
(206, NULL, 35, 'Yungay'),
(207, NULL, 36, 'Cobquecura'),
(208, NULL, 36, 'Coelemu'),
(209, NULL, 36, 'Ninhue'),
(210, NULL, 36, 'Portezuelo'),
(211, NULL, 36, 'Quirihue'),
(212, NULL, 36, 'Ránquil'),
(213, NULL, 36, 'Treguaco'),
(214, NULL, 37, 'San Carlos'),
(215, NULL, 37, 'Coihueco'),
(216, NULL, 37, 'San Nicolás'),
(217, NULL, 37, 'Ñiquén'),
(218, NULL, 37, 'San Fabián'),
(219, NULL, 38, 'Alto Biobío'),
(220, NULL, 38, 'Antuco'),
(221, NULL, 38, 'Cabrero'),
(222, NULL, 38, 'Laja'),
(223, NULL, 38, 'Los Ángeles'),
(224, NULL, 38, 'Mulchén'),
(225, NULL, 38, 'Nacimiento'),
(226, NULL, 38, 'Negrete'),
(227, NULL, 38, 'Quilaco'),
(228, NULL, 38, 'Quilleco'),
(229, NULL, 38, 'San Rosendo'),
(230, NULL, 38, 'Santa Bárbara'),
(231, NULL, 38, 'Tucapel'),
(232, NULL, 38, 'Yumbel'),
(233, NULL, 39, 'Concepción'),
(234, NULL, 39, 'Coronel'),
(235, NULL, 39, 'Chiguayante'),
(236, NULL, 39, 'Florida'),
(237, NULL, 39, 'Hualpén'),
(238, NULL, 39, 'Hualqui'),
(239, NULL, 39, 'Lota'),
(240, NULL, 39, 'Penco'),
(241, NULL, 39, 'San Pedro de La Paz'),
(242, NULL, 39, 'Santa Juana'),
(243, NULL, 39, 'Talcahuano'),
(244, NULL, 39, 'Tomé'),
(245, NULL, 40, 'Arauco'),
(246, NULL, 40, 'Cañete'),
(247, NULL, 40, 'Contulmo'),
(248, NULL, 40, 'Curanilahue'),
(249, NULL, 40, 'Lebu'),
(250, NULL, 40, 'Los Álamos'),
(251, NULL, 40, 'Tirúa'),
(252, NULL, 41, 'Angol'),
(253, NULL, 41, 'Collipulli'),
(254, NULL, 41, 'Curacautín'),
(255, NULL, 41, 'Ercilla'),
(256, NULL, 41, 'Lonquimay'),
(257, NULL, 41, 'Los Sauces'),
(258, NULL, 41, 'Lumaco'),
(259, NULL, 41, 'Purén'),
(260, NULL, 41, 'Renaico'),
(261, NULL, 41, 'Traiguén'),
(262, NULL, 41, 'Victoria'),
(263, NULL, 42, 'Temuco'),
(264, NULL, 42, 'Carahue'),
(265, NULL, 42, 'Cholchol'),
(266, NULL, 42, 'Cunco'),
(267, NULL, 42, 'Curarrehue'),
(268, NULL, 42, 'Freire'),
(269, NULL, 42, 'Galvarino'),
(270, NULL, 42, 'Gorbea'),
(271, NULL, 42, 'Lautaro'),
(272, NULL, 42, 'Loncoche'),
(273, NULL, 42, 'Melipeuco'),
(274, NULL, 42, 'Nueva Imperial'),
(275, NULL, 42, 'Padre Las Casas'),
(276, NULL, 42, 'Perquenco'),
(277, NULL, 42, 'Pitrufquén'),
(278, NULL, 42, 'Pucón'),
(279, NULL, 42, 'Saavedra'),
(280, NULL, 42, 'Teodoro Schmidt'),
(281, NULL, 42, 'Toltén'),
(282, NULL, 42, 'Vilcún'),
(283, NULL, 42, 'Villarrica'),
(284, NULL, 43, 'Valdivia'),
(285, NULL, 43, 'Corral'),
(286, NULL, 43, 'Lanco'),
(287, NULL, 43, 'Los Lagos'),
(288, NULL, 43, 'Máfil'),
(289, NULL, 43, 'Mariquina'),
(290, NULL, 43, 'Paillaco'),
(291, NULL, 43, 'Panguipulli'),
(292, NULL, 44, 'La Unión'),
(293, NULL, 44, 'Futrono'),
(294, NULL, 44, 'Lago Ranco'),
(295, NULL, 44, 'Río Bueno'),
(297, NULL, 45, 'Osorno'),
(298, NULL, 45, 'Puerto Octay'),
(299, NULL, 45, 'Purranque'),
(300, NULL, 45, 'Puyehue'),
(301, NULL, 45, 'Río Negro'),
(302, NULL, 45, 'San Juan de la Costa'),
(303, NULL, 45, 'San Pablo'),
(304, NULL, 46, 'Calbuco'),
(305, NULL, 46, 'Cochamó'),
(306, NULL, 46, 'Fresia'),
(307, NULL, 46, 'Frutillar'),
(308, NULL, 46, 'Llanquihue'),
(309, NULL, 46, 'Los Muermos'),
(310, NULL, 46, 'Maullín'),
(311, NULL, 46, 'Puerto Montt'),
(312, NULL, 46, 'Puerto Varas'),
(313, NULL, 47, 'Ancud'),
(314, NULL, 47, 'Castro'),
(315, NULL, 47, 'Chonchi'),
(316, NULL, 47, 'Curaco de Vélez'),
(317, NULL, 47, 'Dalcahue'),
(318, NULL, 47, 'Puqueldón'),
(319, NULL, 47, 'Queilén'),
(320, NULL, 47, 'Quellón'),
(321, NULL, 47, 'Quemchi'),
(322, NULL, 47, 'Quinchao'),
(323, NULL, 48, 'Chaitén'),
(324, NULL, 48, 'Futaleufú'),
(325, NULL, 48, 'Hualaihué'),
(326, NULL, 48, 'Palena'),
(327, NULL, 49, 'Lago Verde'),
(328, NULL, 49, 'Coihaique'),
(329, NULL, 50, 'Aysén'),
(330, NULL, 50, 'Cisnes'),
(331, NULL, 50, 'Guaitecas'),
(332, NULL, 51, 'Río Ibáñez'),
(333, NULL, 51, 'Chile Chico'),
(334, NULL, 52, 'Cochrane'),
(335, NULL, 52, 'O\'Higgins'),
(336, NULL, 52, 'Tortel'),
(337, NULL, 53, 'Natales'),
(338, NULL, 53, 'Torres del Paine'),
(339, NULL, 54, 'Laguna Blanca'),
(340, NULL, 54, 'Punta Arenas'),
(341, NULL, 54, 'Río Verde'),
(342, NULL, 54, 'San Gregorio'),
(343, NULL, 55, 'Porvenir'),
(344, NULL, 55, 'Primavera'),
(345, NULL, 55, 'Timaukel'),
(346, NULL, 56, 'Cabo de Hornos'),
(347, NULL, 56, 'Antártica');

-- --------------------------------------------------------

--
-- Table structure for table `estado_orden_trabajo`
--

CREATE TABLE `estado_orden_trabajo` (
  `id` bigint(20) UNSIGNED NOT NULL,
  `vigencia` int(11) NOT NULL,
  `descripcion` varchar(45) COLLATE utf8mb4_unicode_ci NOT NULL DEFAULT '',
  `created_at` timestamp NULL DEFAULT NULL,
  `updated_at` timestamp NULL DEFAULT NULL
) ENGINE=InnoDB DEFAULT CHARSET=utf8mb4 COLLATE=utf8mb4_unicode_ci;

--
-- Dumping data for table `estado_orden_trabajo`
--

INSERT INTO `estado_orden_trabajo` (`id`, `vigencia`, `descripcion`, `created_at`, `updated_at`) VALUES
(1, 1, 'iniciando', NULL, NULL),
(2, 1, 'finalizado', NULL, NULL);

-- --------------------------------------------------------

--
-- Table structure for table `estado_servicio`
--

CREATE TABLE `estado_servicio` (
  `id` bigint(20) UNSIGNED NOT NULL,
  `vigencia` int(11) NOT NULL,
  `descripcion` varchar(45) COLLATE utf8mb4_unicode_ci NOT NULL DEFAULT '',
  `created_at` timestamp NULL DEFAULT NULL,
  `updated_at` timestamp NULL DEFAULT NULL
) ENGINE=InnoDB DEFAULT CHARSET=utf8mb4 COLLATE=utf8mb4_unicode_ci;

--
-- Dumping data for table `estado_servicio`
--

INSERT INTO `estado_servicio` (`id`, `vigencia`, `descripcion`, `created_at`, `updated_at`) VALUES
(1, 1, 'pendiente', NULL, NULL),
(2, 1, 'ejecucion', NULL, NULL),
(3, 1, 'finalizado', NULL, NULL);

-- --------------------------------------------------------

--
-- Table structure for table `failed_jobs`
--

CREATE TABLE `failed_jobs` (
  `id` bigint(20) UNSIGNED NOT NULL,
  `connection` text COLLATE utf8mb4_unicode_ci NOT NULL,
  `queue` text COLLATE utf8mb4_unicode_ci NOT NULL,
  `payload` longtext COLLATE utf8mb4_unicode_ci NOT NULL,
  `exception` longtext COLLATE utf8mb4_unicode_ci NOT NULL,
  `failed_at` timestamp NOT NULL DEFAULT CURRENT_TIMESTAMP
) ENGINE=InnoDB DEFAULT CHARSET=utf8mb4 COLLATE=utf8mb4_unicode_ci;

-- --------------------------------------------------------

--
-- Table structure for table `genero`
--

CREATE TABLE `genero` (
  `id` bigint(20) UNSIGNED NOT NULL,
  `vigencia` int(11) NOT NULL,
  `descripcion` varchar(45) COLLATE utf8mb4_unicode_ci NOT NULL DEFAULT ''
) ENGINE=InnoDB DEFAULT CHARSET=utf8mb4 COLLATE=utf8mb4_unicode_ci;

--
-- Dumping data for table `genero`
--

INSERT INTO `genero` (`id`, `vigencia`, `descripcion`) VALUES
(1, 1, 'masculino'),
(2, 1, 'femenino');

-- --------------------------------------------------------

--
-- Table structure for table `giro_rubro`
--

CREATE TABLE `giro_rubro` (
  `id` int(10) UNSIGNED NOT NULL,
  `vigencia` int(11) DEFAULT NULL,
  `descripcion` varchar(100) DEFAULT NULL
) ENGINE=InnoDB DEFAULT CHARSET=utf8;

--
-- Dumping data for table `giro_rubro`
--

INSERT INTO `giro_rubro` (`id`, `vigencia`, `descripcion`) VALUES
(1, NULL, 'construccion'),
(2, NULL, 'distribucion agua purificada'),
(3, NULL, 'almacen'),
(4, NULL, 'transporte'),
(5, NULL, 'distribucion de gas'),
(6, NULL, 'distribucion de alimentos'),
(7, NULL, 'mineria'),
(8, NULL, 'arriendo maquinaria'),
(9, NULL, 'aridos'),
(10, NULL, 'laboratorio de muestras'),
(11, NULL, 'arriendo de vehiculos');

-- --------------------------------------------------------

--
-- Table structure for table `item_y_servicios`
--

CREATE TABLE `item_y_servicios` (
  `id` bigint(20) UNSIGNED NOT NULL,
  `vigencia` int(11) DEFAULT NULL,
  `actividad_id` bigint(20) UNSIGNED DEFAULT NULL,
  `orden_trabajo_id` bigint(20) UNSIGNED DEFAULT NULL,
  `item` varchar(255) COLLATE utf8mb4_unicode_ci NOT NULL DEFAULT '',
  `unidad` varchar(255) COLLATE utf8mb4_unicode_ci NOT NULL,
  `cantidad` int(11) NOT NULL,
  `valor` double(10,2) NOT NULL,
  `total` double(10,2) NOT NULL,
  `created_at` timestamp NULL DEFAULT NULL,
  `updated_at` timestamp NULL DEFAULT NULL
) ENGINE=InnoDB DEFAULT CHARSET=utf8mb4 COLLATE=utf8mb4_unicode_ci;

-- --------------------------------------------------------

--
-- Table structure for table `marca_vehiculo`
--

CREATE TABLE `marca_vehiculo` (
  `id` bigint(20) UNSIGNED NOT NULL,
  `vigencia` varchar(11) COLLATE utf8mb4_unicode_ci DEFAULT NULL,
  `descripcion` varchar(45) COLLATE utf8mb4_unicode_ci NOT NULL DEFAULT '',
  `created_at` timestamp NULL DEFAULT NULL,
  `updated_at` timestamp NULL DEFAULT NULL
) ENGINE=InnoDB DEFAULT CHARSET=utf8mb4 COLLATE=utf8mb4_unicode_ci;

--
-- Dumping data for table `marca_vehiculo`
--

INSERT INTO `marca_vehiculo` (`id`, `vigencia`, `descripcion`, `created_at`, `updated_at`) VALUES
(2, '1', 'Alfa Romeo', NULL, NULL),
(3, '1', 'Acura', NULL, NULL),
(4, '1', 'Audi', NULL, NULL),
(5, '1', 'Bentley', NULL, NULL),
(6, '1', 'BMW', NULL, NULL),
(7, '1', 'Cadillac', NULL, NULL),
(8, '1', 'Chevrolet', NULL, NULL),
(9, '1', 'Citroen', NULL, NULL),
(10, '1', 'Dacia', NULL, NULL),
(11, '1', 'Daewoo', NULL, NULL),
(12, '1', 'Daihatsu', NULL, NULL),
(13, '1', 'Datsun', NULL, NULL),
(14, '1', 'Dodge', NULL, NULL),
(15, '1', 'Ferrari', NULL, NULL),
(16, '1', 'Fiat', NULL, NULL),
(17, '1', 'Ford', NULL, NULL),
(18, '1', 'Honda', NULL, NULL),
(19, '1', 'Hyundai', NULL, NULL),
(20, '1', 'GEO', NULL, NULL),
(21, '1', 'Infiniti', NULL, NULL),
(22, '1', 'Isuzu', NULL, NULL),
(23, '1', 'Iveco', NULL, NULL),
(24, '1', 'Jaguar', NULL, NULL),
(25, '1', 'Jeep', NULL, NULL),
(26, '1', 'Kia', NULL, NULL),
(27, '1', 'Lada', NULL, NULL),
(28, '1', 'Lamborghini', NULL, NULL),
(29, '1', 'Lancia', NULL, NULL),
(30, '1', 'Land Rover', NULL, NULL),
(31, '1', 'Lexus', NULL, NULL),
(32, NULL, 'Lotus', NULL, NULL),
(33, NULL, 'Maserati', NULL, NULL),
(34, NULL, 'Mazda', NULL, NULL),
(35, NULL, 'Mercedes-Benz', NULL, NULL),
(36, NULL, 'Mini-Cooper', NULL, NULL),
(37, NULL, 'Mitsubishi', NULL, NULL),
(38, NULL, 'Morgan', NULL, NULL),
(39, NULL, 'Nissan', NULL, NULL),
(40, NULL, 'Opel', NULL, NULL),
(41, NULL, 'Peugeot', NULL, NULL),
(42, NULL, 'Pontiac', NULL, NULL),
(43, NULL, 'Porshe', NULL, NULL),
(44, NULL, 'Renault', NULL, NULL),
(45, NULL, 'Rolls-Royce', NULL, NULL),
(46, NULL, 'SEAT', NULL, NULL),
(47, NULL, 'Skoda', NULL, NULL),
(48, NULL, 'Smart', NULL, NULL),
(49, NULL, 'SsangYong', NULL, NULL),
(50, NULL, 'Subaru', NULL, NULL),
(51, NULL, 'Suzuki', NULL, NULL),
(52, NULL, 'Scion', NULL, NULL),
(53, NULL, 'Tesla', NULL, NULL),
(54, NULL, 'Toyota', NULL, NULL),
(55, NULL, 'Volkswagen', NULL, NULL),
(56, NULL, 'Volvo', NULL, NULL);

-- --------------------------------------------------------

--
-- Table structure for table `migrations`
--

CREATE TABLE `migrations` (
  `id` int(10) UNSIGNED NOT NULL,
  `migration` varchar(255) COLLATE utf8mb4_unicode_ci NOT NULL,
  `batch` int(11) NOT NULL
) ENGINE=InnoDB DEFAULT CHARSET=utf8mb4 COLLATE=utf8mb4_unicode_ci;

--
-- Dumping data for table `migrations`
--

INSERT INTO `migrations` (`id`, `migration`, `batch`) VALUES
(1, '2021_04_03_170052_create_permission_tables', 1),
(2, '2014_10_12_000000_create_users_table', 2),
(3, '2014_10_12_100000_create_password_resets_table', 2),
(4, '2021_06_29_234938_add_patente_to_table_vehiculo', 3);

-- --------------------------------------------------------

--
-- Table structure for table `modelo_vehiculo`
--

CREATE TABLE `modelo_vehiculo` (
  `id` bigint(20) UNSIGNED NOT NULL,
  `vigencia` varchar(11) COLLATE utf8mb4_unicode_ci DEFAULT NULL,
  `marca_vehiculo_id` bigint(20) UNSIGNED DEFAULT NULL,
  `descripcion` varchar(45) COLLATE utf8mb4_unicode_ci NOT NULL DEFAULT '',
  `created_at` timestamp NULL DEFAULT NULL,
  `updated_at` timestamp NULL DEFAULT NULL
) ENGINE=InnoDB DEFAULT CHARSET=utf8mb4 COLLATE=utf8mb4_unicode_ci;

--
-- Dumping data for table `modelo_vehiculo`
--

INSERT INTO `modelo_vehiculo` (`id`, `vigencia`, `marca_vehiculo_id`, `descripcion`, `created_at`, `updated_at`) VALUES
(1, NULL, 3, 'Acura ARX-02', NULL, NULL),
(2, NULL, 3, 'Acura ARX-01', NULL, NULL),
(3, NULL, 3, 'Acura CSX', NULL, NULL),
(4, NULL, 3, 'Acura Legend', NULL, NULL),
(5, NULL, 3, 'Acura MDX', NULL, NULL),
(6, NULL, 3, 'Acura NSX', NULL, NULL),
(7, NULL, 3, 'Acura RDX', NULL, NULL),
(8, NULL, 3, 'Acura RL', NULL, NULL),
(9, NULL, 3, 'Acura RSX', NULL, NULL),
(10, NULL, 3, 'Acura TL', NULL, NULL),
(11, NULL, 3, 'Acura TSX', NULL, NULL),
(12, NULL, 2, 'Alfa Romeo 4C', NULL, NULL),
(13, NULL, 2, 'Alfa Romeo 6C', NULL, NULL),
(14, NULL, 2, 'Alfa Romeo 8C', NULL, NULL),
(15, NULL, 2, 'Alfa Romeo 8C Competizione', NULL, NULL),
(16, NULL, 2, 'Alfa Romeo 12C', NULL, NULL),
(17, NULL, 2, 'A.L.F.A 24 HP', NULL, NULL),
(18, NULL, 2, 'Alfa Romeo 33', NULL, NULL),
(19, NULL, 2, 'Alfa Romeo 33 Stradale', NULL, NULL),
(20, NULL, 2, 'Alfa Romeo 75', NULL, NULL),
(21, NULL, 2, 'Alfa Romeo 90', NULL, NULL),
(22, NULL, 2, 'Alfa Romeo 145', NULL, NULL),
(23, NULL, 2, 'Alfa Romeo 147', NULL, NULL),
(24, NULL, 2, 'Alfa Romeo 155', NULL, NULL),
(25, NULL, 2, 'Alfa Romeo 156', NULL, NULL),
(26, NULL, 2, 'Alfa Romeo 159', NULL, NULL),
(27, NULL, 2, 'Alfa Romeo 164', NULL, NULL),
(28, NULL, 2, 'Alfa Romeo 166', NULL, NULL),
(29, NULL, 2, 'Alfa Romeo 1750', NULL, NULL),
(30, NULL, 2, 'Alfa Romeo 2000', NULL, NULL),
(31, NULL, 2, 'Alfa Romeo 2300', NULL, NULL),
(32, NULL, 2, 'Alfa Romeo 2600', NULL, NULL),
(33, NULL, 2, 'Alfa Romeo Alfa 6', NULL, NULL),
(34, NULL, 2, 'Alfa Romeo Alfasud', NULL, NULL),
(35, NULL, 2, 'Alfa Romeo Alfetta', NULL, NULL),
(36, NULL, 2, 'Alfa Romeo Alfetta GT/GTV', NULL, NULL),
(37, NULL, 2, 'Alfa Romeo Arna', NULL, NULL),
(38, NULL, 2, 'Alfa Romeo Brera', NULL, NULL),
(39, NULL, 2, 'Alfa Romeo Dauphine', NULL, NULL),
(40, NULL, 2, 'Alfa Romeo Giulia //(1962)', NULL, NULL),
(41, NULL, 2, 'Alfa Romeo Giulia GT Veloce', NULL, NULL),
(42, NULL, 2, 'Alfa Romeo Giulia TZ', NULL, NULL),
(43, NULL, 2, 'Alfa Romeo Giulia //(2015)', NULL, NULL),
(44, NULL, 2, 'Alfa Romeo Giulietta //(1977)', NULL, NULL),
(45, NULL, 2, 'Alfa Romeo Giulietta // (1955)', NULL, NULL),
(46, NULL, 2, 'Alfa Romeo Giulietta //(2010)', NULL, NULL),
(47, NULL, 2, 'Alfa Romeo GT', NULL, NULL),
(48, NULL, 2, 'Alfa Romeo GTV', NULL, NULL),
(49, NULL, 2, 'Alfa Romeo Montreal', NULL, NULL),
(50, NULL, 2, 'Alfa Romeo MiTo', NULL, NULL),
(51, NULL, 2, 'Alfa Romeo P1', NULL, NULL),
(52, NULL, 2, 'Alfa Romeo P2', NULL, NULL),
(53, NULL, 2, 'Alfa Romeo P3', NULL, NULL),
(54, NULL, 2, 'Alfa Romeo RL', NULL, NULL),
(55, NULL, 2, 'Alfa Romeo RM', NULL, NULL),
(56, NULL, 2, 'Alfa Romeo Romeo', NULL, NULL),
(57, NULL, 2, 'Alfa Romeo Spider// (1966)', NULL, NULL),
(58, NULL, 2, 'Alfa Romeo Sprint', NULL, NULL),
(59, NULL, 2, 'Alfa Romeo Stelvio', NULL, NULL),
(60, NULL, 2, 'Alfa Romeo SZ/RZ', NULL, NULL),
(61, NULL, 4, 'Audi 50', NULL, NULL),
(62, NULL, 4, 'Audi 80', NULL, NULL),
(63, NULL, 4, 'Audi 100', NULL, NULL),
(64, NULL, 4, 'Audi A1', NULL, NULL),
(65, NULL, 4, 'Audi A2', NULL, NULL),
(66, NULL, 4, 'Audi A4', NULL, NULL),
(67, NULL, 4, 'Audi A5', NULL, NULL),
(68, NULL, 4, 'Audi A6', NULL, NULL),
(69, NULL, 4, 'Audi A6 allroad quattro', NULL, NULL),
(70, NULL, 4, 'Audi A8', NULL, NULL),
(71, NULL, 4, 'Audi 200', NULL, NULL),
(72, NULL, 4, 'Audi A3', NULL, NULL),
(73, NULL, 4, 'Audi A7', NULL, NULL),
(74, NULL, 4, 'Audi Allroad Quattro Concept', NULL, NULL),
(75, NULL, 4, 'Audi Avus Quattro', NULL, NULL),
(76, NULL, 4, 'Audi Cross Cabriolet', NULL, NULL),
(77, NULL, 4, 'Audi e-tron', NULL, NULL),
(78, NULL, 4, 'SEAT Exeo', NULL, NULL),
(79, NULL, 4, 'Audi F103', NULL, NULL),
(80, NULL, 4, 'Audi Le Mans quattro', NULL, NULL),
(81, NULL, 4, 'Audi Nuvolari', NULL, NULL),
(82, NULL, 4, 'Audi Q2', NULL, NULL),
(83, NULL, 4, 'Audi Q3', NULL, NULL),
(84, NULL, 4, 'Audi Q5', NULL, NULL),
(85, NULL, 4, 'Audi Q7', NULL, NULL),
(86, NULL, 4, 'Audi Quattro', NULL, NULL),
(87, NULL, 4, 'Audi Quattro Concept', NULL, NULL),
(88, NULL, 4, 'Audi R8', NULL, NULL),
(89, NULL, 4, 'Audi Roadjet', NULL, NULL),
(90, NULL, 4, 'Audi RS 6', NULL, NULL),
(91, NULL, 4, 'Audi RS2 Avant', NULL, NULL),
(92, NULL, 4, 'Audi RSQ', NULL, NULL),
(93, NULL, 4, 'Audi S1', NULL, NULL),
(94, NULL, 4, 'Audi Shooting Brake', NULL, NULL),
(95, NULL, 4, 'Audi Sportback concept', NULL, NULL),
(96, NULL, 4, 'Audi SQ5', NULL, NULL),
(97, NULL, 4, 'Audi TT', NULL, NULL),
(98, NULL, 4, 'Audi Urban Concept', NULL, NULL),
(99, NULL, 5, 'Bentley 3 Litros', NULL, NULL),
(100, NULL, 5, 'Bentley 6.5 Litros', NULL, NULL),
(101, NULL, 5, 'Bentley Arnage', NULL, NULL),
(102, NULL, 5, 'Bentley Azure', NULL, NULL),
(103, NULL, 5, 'Bentley Bentayga', NULL, NULL),
(104, NULL, 5, 'Bentley 3.5 Litros', NULL, NULL),
(105, NULL, 5, 'Bentley 4.5 Litros', NULL, NULL),
(106, NULL, 5, 'Bentley Brooklands', NULL, NULL),
(107, NULL, 5, 'Bentley Continental Flying Spur', NULL, NULL),
(108, NULL, 5, 'Bentley Continental GT', NULL, NULL),
(109, NULL, 5, 'Bentley Hunaudieres', NULL, NULL),
(110, NULL, 5, 'Bentley Mulsanne', NULL, NULL),
(111, NULL, 5, 'Bentley S2', NULL, NULL),
(112, NULL, 5, 'Bentley S3', NULL, NULL),
(113, NULL, 5, 'Bentley Speed 8', NULL, NULL),
(114, NULL, 6, 'BMW Serie 1', NULL, NULL),
(115, NULL, 6, 'BMW Serie 2', NULL, NULL),
(116, NULL, 6, 'BMW Serie 2 Active Tourer', NULL, NULL),
(117, NULL, 6, 'BMW Serie 3', NULL, NULL),
(118, NULL, 6, 'BMW 3.0 CSL', NULL, NULL),
(119, NULL, 6, 'BMW 3.0 CSL Hommage', NULL, NULL),
(120, NULL, 6, 'BMW Serie 4', NULL, NULL),
(121, NULL, 6, 'BMW Serie 5', NULL, NULL),
(122, NULL, 6, 'BMW Serie 5 Gran Turismo', NULL, NULL),
(123, NULL, 6, 'BMW Serie 6', NULL, NULL),
(124, NULL, 6, 'BMW E65/E66', NULL, NULL),
(125, NULL, 6, 'BMW Serie 7', NULL, NULL),
(126, NULL, 6, 'BMW Serie 8', NULL, NULL),
(127, NULL, 6, 'BMW 328', NULL, NULL),
(128, NULL, 6, 'BMW 507', NULL, NULL),
(129, NULL, 6, 'BMW 600', NULL, NULL),
(130, NULL, 6, 'BMW 700', NULL, NULL),
(131, NULL, 6, 'BMW CS', NULL, NULL),
(132, NULL, 6, 'BMW F 76', NULL, NULL),
(133, NULL, 6, 'BMW G30', NULL, NULL),
(134, NULL, 6, 'Isetta', NULL, NULL),
(135, NULL, 6, 'BMW M', NULL, NULL),
(136, NULL, 6, 'BMW M1', NULL, NULL),
(137, NULL, 6, 'BMW M3', NULL, NULL),
(138, NULL, 6, 'BMW M5', NULL, NULL),
(139, NULL, 6, 'BMW M6', NULL, NULL),
(140, NULL, 6, 'BMW Nazca C2', NULL, NULL),
(141, NULL, 6, 'BMW Turbo', NULL, NULL),
(142, NULL, 6, 'BMW X1', NULL, NULL),
(143, NULL, 6, 'BMW X2', NULL, NULL),
(144, NULL, 6, 'BMW X3', NULL, NULL),
(145, NULL, 6, 'BMW X5', NULL, NULL),
(146, NULL, 6, 'BMW X6', NULL, NULL),
(147, NULL, 6, 'BMW X7', NULL, NULL),
(148, NULL, 6, 'BMW Z1', NULL, NULL),
(149, NULL, 6, 'BMW Z2', NULL, NULL),
(150, NULL, 6, 'BMW Z3', NULL, NULL),
(151, NULL, 6, 'BMW Z4', NULL, NULL),
(152, NULL, 6, 'BMW Z4 M', NULL, NULL),
(153, NULL, 6, 'BMW Z8', NULL, NULL),
(154, NULL, 7, 'Cadillac Allante', NULL, NULL),
(155, NULL, 7, 'Cadillac ATS', NULL, NULL),
(156, NULL, 7, 'Cadillac BLS', NULL, NULL),
(157, NULL, 7, 'Cadillac Calais', NULL, NULL),
(158, NULL, 7, 'Cadillac Catera', NULL, NULL),
(159, NULL, 7, 'Cadillac Cimarron', NULL, NULL),
(160, NULL, 7, 'Cadillac Cien', NULL, NULL),
(161, NULL, 7, 'Cadillac Catera', NULL, NULL),
(162, NULL, 7, 'Cadillac CT6', NULL, NULL),
(163, NULL, 7, 'Cadillac CTS', NULL, NULL),
(164, NULL, 7, 'Cadillac DeVille', NULL, NULL),
(165, NULL, 7, 'Cadillac DTS', NULL, NULL),
(166, NULL, 7, 'Cadillac Eldorado', NULL, NULL),
(167, NULL, 7, 'Cadillac Brougham', NULL, NULL),
(168, NULL, 7, 'Cadillac ELR', NULL, NULL),
(169, NULL, 7, 'Cadillac Escalade', NULL, NULL),
(170, NULL, 7, 'Cadillac Evoq', NULL, NULL),
(171, NULL, 7, 'Cadillac Fleetwood', NULL, NULL),
(172, NULL, 7, 'Limusina presidencial (Estados Unidos)', NULL, NULL),
(173, NULL, 7, 'Cadillac Northstar LMP', NULL, NULL),
(174, NULL, 7, 'Cadillac Sixty Special', NULL, NULL),
(175, NULL, 7, 'Cadillac Seville', NULL, NULL),
(176, NULL, 7, 'Cadillac SRX', NULL, NULL),
(177, NULL, 7, 'Cadillac STS', NULL, NULL),
(178, NULL, 7, 'Cadillac Type 51', NULL, NULL),
(179, NULL, 7, 'Cadillac V-Series', NULL, NULL),
(180, NULL, 7, 'Cadillac XT4', NULL, NULL),
(181, NULL, 7, 'Cadillac XLR', NULL, NULL),
(182, NULL, 7, 'Cadillac XT5', NULL, NULL),
(183, NULL, 7, 'Cadillac XTS', NULL, NULL),
(184, NULL, 8, 'Chevrolet 490', NULL, NULL),
(185, NULL, 8, 'Chevrolet', NULL, NULL),
(186, NULL, 8, 'Chevrolet Agile', NULL, NULL),
(187, NULL, 8, 'Chevrolet Astra', NULL, NULL),
(188, NULL, 8, 'Chevrolet Astro', NULL, NULL),
(189, NULL, 8, 'Chevrolet Aveo', NULL, NULL),
(190, NULL, 8, 'Chevrolet Bel Air', NULL, NULL),
(191, NULL, 8, 'Chevrolet Beretta', NULL, NULL),
(192, NULL, 8, 'Chevrolet Blazer', NULL, NULL),
(193, NULL, 8, 'Chevrolet Bolt', NULL, NULL),
(194, NULL, 8, 'Chevrolet C-10', NULL, NULL),
(195, NULL, 8, 'Chevrolet Calibra', NULL, NULL),
(196, NULL, 8, 'Chevrolet Camaro', NULL, NULL),
(197, NULL, 8, 'Chevrolet Captiva', NULL, NULL),
(198, NULL, 8, 'Chevrolet Celebrity', NULL, NULL),
(199, NULL, 8, 'Chevrolet Celta', NULL, NULL),
(200, NULL, 8, 'Chevrolet Chevette', NULL, NULL),
(201, NULL, 8, 'Chevrolet Caprice', NULL, NULL),
(202, NULL, 8, 'Chevrolet Cavalier', NULL, NULL),
(203, NULL, 8, 'Chevrolet Chevelle', NULL, NULL),
(204, NULL, 8, 'Chevrolet Chevy', NULL, NULL),
(205, NULL, 8, 'Chevrolet Cheyenne', NULL, NULL),
(206, NULL, 8, 'Chevrolet Combo', NULL, NULL),
(207, NULL, 8, 'Chevrolet Corsa', NULL, NULL),
(208, NULL, 8, 'Chevrolet Corvette (C4)', NULL, NULL),
(209, NULL, 8, 'Chevrolet Corvette C7', NULL, NULL),
(210, NULL, 8, 'Chevrolet Master', NULL, NULL),
(211, NULL, 8, 'Chevrolet Chevy 500', NULL, NULL),
(212, NULL, 8, 'Chevrolet Citation IV', NULL, NULL),
(213, NULL, 8, 'Chevrolet Classic', NULL, NULL),
(214, NULL, 8, 'Chevrolet Cobalt', NULL, NULL),
(215, NULL, 8, 'Chevrolet Cobalt (Brasileno)', NULL, NULL),
(216, NULL, 8, 'Chevrolet Colorado', NULL, NULL),
(217, NULL, 8, 'Chevrolet Corvair', NULL, NULL),
(218, NULL, 8, 'Chevrolet Corvette', NULL, NULL),
(219, NULL, 8, 'Chevrolet Cruze', NULL, NULL),
(220, NULL, 8, 'Chevrolet D-20', NULL, NULL),
(221, NULL, 8, 'Chevrolet Equinox', NULL, NULL),
(222, NULL, 8, 'Chevrolet Fleetline', NULL, NULL),
(223, NULL, 8, 'Chevrolet Impala', NULL, NULL),
(224, NULL, 8, 'Isuzu Serie N', NULL, NULL),
(225, NULL, 8, 'Chevrolet Kadett', NULL, NULL),
(226, NULL, 8, 'Chevrolet Lumina', NULL, NULL),
(227, NULL, 8, 'Chevrolet Lumina APV', NULL, NULL),
(228, NULL, 8, 'Chevrolet LUV', NULL, NULL),
(229, NULL, 8, 'Isuzu D-Max', NULL, NULL),
(230, NULL, 8, 'Isuzu i-Series', NULL, NULL),
(231, NULL, 8, 'Chevrolet Malibu', NULL, NULL),
(232, NULL, 8, 'Chevrolet Marajo', NULL, NULL),
(233, NULL, 8, 'Chevrolet Matiz', NULL, NULL),
(234, NULL, 8, 'Chevrolet Meriva', NULL, NULL),
(235, NULL, 8, 'Minivan U (General Motors)', NULL, NULL),
(236, NULL, 8, 'Chevrolet Montana', NULL, NULL),
(237, NULL, 8, 'Chevrolet Monte Carlo', NULL, NULL),
(238, NULL, 8, 'Chevrolet Monza', NULL, NULL),
(239, NULL, 8, 'Chevrolet N300', NULL, NULL),
(240, NULL, 8, 'Chevrolet Niva/VAZ-2123', NULL, NULL),
(241, NULL, 8, 'Chevrolet Chevy II / Nova', NULL, NULL),
(242, NULL, 8, 'Chevrolet Nuevo Aveo / Sonic', NULL, NULL),
(243, NULL, 8, 'Chevrolet Omega', NULL, NULL),
(244, NULL, 8, 'Opel Omega', NULL, NULL),
(245, NULL, 8, 'Chevrolet Omega Suprema', NULL, NULL),
(246, NULL, 8, 'Chevrolet Onix', NULL, NULL),
(247, NULL, 8, 'Chevrolet Opala', NULL, NULL),
(248, NULL, 8, 'Chevrolet Optra', NULL, NULL),
(249, NULL, 8, 'Chevrolet Orlando', NULL, NULL),
(250, NULL, 8, 'Chevrolet Prisma', NULL, NULL),
(251, NULL, 8, 'Prototipo Chevrolet (Turismo Carretera)', NULL, NULL),
(252, NULL, 8, 'Chevrolet Rezzo', NULL, NULL),
(253, NULL, 8, 'Isuzu Rodeo', NULL, NULL),
(254, NULL, 8, 'Chevrolet S-10', NULL, NULL),
(255, NULL, 8, 'Chevrolet Sail', NULL, NULL),
(256, NULL, 8, 'Isuzu Forward', NULL, NULL),
(257, NULL, 8, 'Chevrolet Silverado', NULL, NULL),
(258, NULL, 8, 'Chevrolet Sonic', NULL, NULL),
(259, NULL, 8, 'Chevrolet Spark', NULL, NULL),
(260, NULL, 8, 'Chevrolet Spin', NULL, NULL),
(261, NULL, 8, 'Suzuki Swift', NULL, NULL),
(262, NULL, 8, 'Chevrolet SS', NULL, NULL),
(263, NULL, 8, 'Chevrolet SSR', NULL, NULL),
(264, NULL, 8, 'Chevrolet Suburban', NULL, NULL),
(265, NULL, 8, 'Chevrolet Suprema', NULL, NULL),
(266, NULL, 8, 'Chevrolet Tahoe', NULL, NULL),
(267, NULL, 8, 'Chevrolet Tigra', NULL, NULL),
(268, NULL, 8, 'Chevrolet Tornado', NULL, NULL),
(269, NULL, 8, 'Chevrolet TrailBlazer', NULL, NULL),
(270, NULL, 8, 'Chevrolet Traverse', NULL, NULL),
(271, NULL, 8, 'Chevrolet Trax', NULL, NULL),
(272, NULL, 8, 'Chevrolet WTCC Ultra', NULL, NULL),
(273, NULL, 8, 'Chevrolet Van', NULL, NULL),
(274, NULL, 8, 'Chevrolet Vectra', NULL, NULL),
(275, NULL, 8, 'Chevrolet Venture', NULL, NULL),
(276, NULL, 8, 'Chevrolet Vivant', NULL, NULL),
(277, NULL, 8, 'Chevrolet Volt', NULL, NULL),
(278, NULL, 8, 'Chevrolet Zafira', NULL, NULL),
(279, NULL, 3, 'Acura ARX-02', NULL, NULL),
(280, NULL, 3, 'Acura ARX-01', NULL, NULL),
(281, NULL, 3, 'Acura CSX', NULL, NULL),
(282, NULL, 3, 'Acura Legend', NULL, NULL),
(283, NULL, 3, 'Acura MDX', NULL, NULL),
(284, NULL, 3, 'Acura NSX', NULL, NULL),
(285, NULL, 3, 'Acura RDX', NULL, NULL),
(286, NULL, 3, 'Acura RL', NULL, NULL),
(287, NULL, 3, 'Acura RSX', NULL, NULL),
(288, NULL, 3, 'Acura TL', NULL, NULL),
(289, NULL, 3, 'Acura TSX', NULL, NULL),
(290, NULL, 2, 'Alfa Romeo 4C', NULL, NULL),
(291, NULL, 2, 'Alfa Romeo 6C', NULL, NULL),
(292, NULL, 2, 'Alfa Romeo 8C', NULL, NULL),
(293, NULL, 2, 'Alfa Romeo 8C Competizione', NULL, NULL),
(294, NULL, 2, 'Alfa Romeo 12C', NULL, NULL),
(295, NULL, 2, 'A.L.F.A 24 HP', NULL, NULL),
(296, NULL, 2, 'Alfa Romeo 33', NULL, NULL),
(297, NULL, 2, 'Alfa Romeo 33 Stradale', NULL, NULL),
(298, NULL, 2, 'Alfa Romeo 75', NULL, NULL),
(299, NULL, 2, 'Alfa Romeo 90', NULL, NULL),
(300, NULL, 2, 'Alfa Romeo 145', NULL, NULL),
(301, NULL, 2, 'Alfa Romeo 147', NULL, NULL),
(302, NULL, 2, 'Alfa Romeo 155', NULL, NULL),
(303, NULL, 2, 'Alfa Romeo 156', NULL, NULL),
(304, NULL, 2, 'Alfa Romeo 159', NULL, NULL),
(305, NULL, 2, 'Alfa Romeo 164', NULL, NULL),
(306, NULL, 2, 'Alfa Romeo 166', NULL, NULL),
(307, NULL, 2, 'Alfa Romeo 1750', NULL, NULL),
(308, NULL, 2, 'Alfa Romeo 2000', NULL, NULL),
(309, NULL, 2, 'Alfa Romeo 2300', NULL, NULL),
(310, NULL, 2, 'Alfa Romeo 2600', NULL, NULL),
(311, NULL, 2, 'Alfa Romeo Alfa 6', NULL, NULL),
(312, NULL, 2, 'Alfa Romeo Alfasud', NULL, NULL),
(313, NULL, 2, 'Alfa Romeo Alfetta', NULL, NULL),
(314, NULL, 2, 'Alfa Romeo Alfetta GT/GTV', NULL, NULL),
(315, NULL, 2, 'Alfa Romeo Arna', NULL, NULL),
(316, NULL, 2, 'Alfa Romeo Brera', NULL, NULL),
(317, NULL, 2, 'Alfa Romeo Dauphine', NULL, NULL),
(318, NULL, 2, 'Alfa Romeo Giulia //(1962)', NULL, NULL),
(319, NULL, 2, 'Alfa Romeo Giulia GT Veloce', NULL, NULL),
(320, NULL, 2, 'Alfa Romeo Giulia TZ', NULL, NULL),
(321, NULL, 2, 'Alfa Romeo Giulia //(2015)', NULL, NULL),
(322, NULL, 2, 'Alfa Romeo Giulietta //(1977)', NULL, NULL),
(323, NULL, 2, 'Alfa Romeo Giulietta // (1955)', NULL, NULL),
(324, NULL, 2, 'Alfa Romeo Giulietta //(2010)', NULL, NULL),
(325, NULL, 2, 'Alfa Romeo GT', NULL, NULL),
(326, NULL, 2, 'Alfa Romeo GTV', NULL, NULL),
(327, NULL, 2, 'Alfa Romeo Montreal', NULL, NULL),
(328, NULL, 2, 'Alfa Romeo MiTo', NULL, NULL),
(329, NULL, 2, 'Alfa Romeo P1', NULL, NULL),
(330, NULL, 2, 'Alfa Romeo P2', NULL, NULL),
(331, NULL, 2, 'Alfa Romeo P3', NULL, NULL),
(332, NULL, 2, 'Alfa Romeo RL', NULL, NULL),
(333, NULL, 2, 'Alfa Romeo RM', NULL, NULL),
(334, NULL, 2, 'Alfa Romeo Romeo', NULL, NULL),
(335, NULL, 2, 'Alfa Romeo Spider// (1966)', NULL, NULL),
(336, NULL, 2, 'Alfa Romeo Sprint', NULL, NULL),
(337, NULL, 2, 'Alfa Romeo Stelvio', NULL, NULL),
(338, NULL, 2, 'Alfa Romeo SZ/RZ', NULL, NULL),
(339, NULL, 4, 'Audi 50', NULL, NULL),
(340, NULL, 4, 'Audi 80', NULL, NULL),
(341, NULL, 4, 'Audi 100', NULL, NULL),
(342, NULL, 4, 'Audi A1', NULL, NULL),
(343, NULL, 4, 'Audi A2', NULL, NULL),
(344, NULL, 4, 'Audi A4', NULL, NULL),
(345, NULL, 4, 'Audi A5', NULL, NULL),
(346, NULL, 4, 'Audi A6', NULL, NULL),
(347, NULL, 4, 'Audi A6 allroad quattro', NULL, NULL),
(348, NULL, 4, 'Audi A8', NULL, NULL),
(349, NULL, 4, 'Audi 200', NULL, NULL),
(350, NULL, 4, 'Audi A3', NULL, NULL),
(351, NULL, 4, 'Audi A7', NULL, NULL),
(352, NULL, 4, 'Audi Allroad Quattro Concept', NULL, NULL),
(353, NULL, 4, 'Audi Avus Quattro', NULL, NULL),
(354, NULL, 4, 'Audi Cross Cabriolet', NULL, NULL),
(355, NULL, 4, 'Audi e-tron', NULL, NULL),
(356, NULL, 4, 'SEAT Exeo', NULL, NULL),
(357, NULL, 4, 'Audi F103', NULL, NULL),
(358, NULL, 4, 'Audi Le Mans quattro', NULL, NULL),
(359, NULL, 4, 'Audi Nuvolari', NULL, NULL),
(360, NULL, 4, 'Audi Q2', NULL, NULL),
(361, NULL, 4, 'Audi Q3', NULL, NULL),
(362, NULL, 4, 'Audi Q5', NULL, NULL),
(363, NULL, 4, 'Audi Q7', NULL, NULL),
(364, NULL, 4, 'Audi Quattro', NULL, NULL),
(365, NULL, 4, 'Audi Quattro Concept', NULL, NULL),
(366, NULL, 4, 'Audi R8', NULL, NULL),
(367, NULL, 4, 'Audi Roadjet', NULL, NULL),
(368, NULL, 4, 'Audi RS 6', NULL, NULL),
(369, NULL, 4, 'Audi RS2 Avant', NULL, NULL),
(370, NULL, 4, 'Audi RSQ', NULL, NULL),
(371, NULL, 4, 'Audi S1', NULL, NULL),
(372, NULL, 4, 'Audi Shooting Brake', NULL, NULL),
(373, NULL, 4, 'Audi Sportback concept', NULL, NULL),
(374, NULL, 4, 'Audi SQ5', NULL, NULL),
(375, NULL, 4, 'Audi TT', NULL, NULL),
(376, NULL, 4, 'Audi Urban Concept', NULL, NULL),
(377, NULL, 5, 'Bentley 3 Litros', NULL, NULL),
(378, NULL, 5, 'Bentley 6.5 Litros', NULL, NULL),
(379, NULL, 5, 'Bentley Arnage', NULL, NULL),
(380, NULL, 5, 'Bentley Azure', NULL, NULL),
(381, NULL, 5, 'Bentley Bentayga', NULL, NULL),
(382, NULL, 5, 'Bentley 3.5 Litros', NULL, NULL),
(383, NULL, 5, 'Bentley 4.5 Litros', NULL, NULL),
(384, NULL, 5, 'Bentley Brooklands', NULL, NULL),
(385, NULL, 5, 'Bentley Continental Flying Spur', NULL, NULL),
(386, NULL, 5, 'Bentley Continental GT', NULL, NULL),
(387, NULL, 5, 'Bentley Hunaudieres', NULL, NULL),
(388, NULL, 5, 'Bentley Mulsanne', NULL, NULL),
(389, NULL, 5, 'Bentley S2', NULL, NULL),
(390, NULL, 5, 'Bentley S3', NULL, NULL),
(391, NULL, 5, 'Bentley Speed 8', NULL, NULL),
(392, NULL, 6, 'BMW Serie 1', NULL, NULL),
(393, NULL, 6, 'BMW Serie 2', NULL, NULL),
(394, NULL, 6, 'BMW Serie 2 Active Tourer', NULL, NULL),
(395, NULL, 6, 'BMW Serie 3', NULL, NULL),
(396, NULL, 6, 'BMW 3.0 CSL', NULL, NULL),
(397, NULL, 6, 'BMW 3.0 CSL Hommage', NULL, NULL),
(398, NULL, 6, 'BMW Serie 4', NULL, NULL),
(399, NULL, 6, 'BMW Serie 5', NULL, NULL),
(400, NULL, 6, 'BMW Serie 5 Gran Turismo', NULL, NULL),
(401, NULL, 6, 'BMW Serie 6', NULL, NULL),
(402, NULL, 6, 'BMW E65/E66', NULL, NULL),
(403, NULL, 6, 'BMW Serie 7', NULL, NULL),
(404, NULL, 6, 'BMW Serie 8', NULL, NULL),
(405, NULL, 6, 'BMW 328', NULL, NULL),
(406, NULL, 6, 'BMW 507', NULL, NULL),
(407, NULL, 6, 'BMW 600', NULL, NULL),
(408, NULL, 6, 'BMW 700', NULL, NULL),
(409, NULL, 6, 'BMW CS', NULL, NULL),
(410, NULL, 6, 'BMW F 76', NULL, NULL),
(411, NULL, 6, 'BMW G30', NULL, NULL),
(412, NULL, 6, 'Isetta', NULL, NULL),
(413, NULL, 6, 'BMW M', NULL, NULL),
(414, NULL, 6, 'BMW M1', NULL, NULL),
(415, NULL, 6, 'BMW M3', NULL, NULL),
(416, NULL, 6, 'BMW M5', NULL, NULL),
(417, NULL, 6, 'BMW M6', NULL, NULL),
(418, NULL, 6, 'BMW Nazca C2', NULL, NULL),
(419, NULL, 6, 'BMW Turbo', NULL, NULL),
(420, NULL, 6, 'BMW X1', NULL, NULL),
(421, NULL, 6, 'BMW X2', NULL, NULL),
(422, NULL, 6, 'BMW X3', NULL, NULL),
(423, NULL, 6, 'BMW X5', NULL, NULL),
(424, NULL, 6, 'BMW X6', NULL, NULL),
(425, NULL, 6, 'BMW X7', NULL, NULL),
(426, NULL, 6, 'BMW Z1', NULL, NULL),
(427, NULL, 6, 'BMW Z2', NULL, NULL),
(428, NULL, 6, 'BMW Z3', NULL, NULL),
(429, NULL, 6, 'BMW Z4', NULL, NULL),
(430, NULL, 6, 'BMW Z4 M', NULL, NULL),
(431, NULL, 6, 'BMW Z8', NULL, NULL),
(432, NULL, 7, 'Cadillac Allante', NULL, NULL),
(433, NULL, 7, 'Cadillac ATS', NULL, NULL),
(434, NULL, 7, 'Cadillac BLS', NULL, NULL),
(435, NULL, 7, 'Cadillac Calais', NULL, NULL),
(436, NULL, 7, 'Cadillac Catera', NULL, NULL),
(437, NULL, 7, 'Cadillac Cimarron', NULL, NULL),
(438, NULL, 7, 'Cadillac Cien', NULL, NULL),
(439, NULL, 7, 'Cadillac Catera', NULL, NULL),
(440, NULL, 7, 'Cadillac CT6', NULL, NULL),
(441, NULL, 7, 'Cadillac CTS', NULL, NULL),
(442, NULL, 7, 'Cadillac DeVille', NULL, NULL),
(443, NULL, 7, 'Cadillac DTS', NULL, NULL),
(444, NULL, 7, 'Cadillac Eldorado', NULL, NULL),
(445, NULL, 7, 'Cadillac Brougham', NULL, NULL),
(446, NULL, 7, 'Cadillac ELR', NULL, NULL),
(447, NULL, 7, 'Cadillac Escalade', NULL, NULL),
(448, NULL, 7, 'Cadillac Evoq', NULL, NULL),
(449, NULL, 7, 'Cadillac Fleetwood', NULL, NULL),
(450, NULL, 7, 'Limusina presidencial (Estados Unidos)', NULL, NULL),
(451, NULL, 7, 'Cadillac Northstar LMP', NULL, NULL),
(452, NULL, 7, 'Cadillac Sixty Special', NULL, NULL),
(453, NULL, 7, 'Cadillac Seville', NULL, NULL),
(454, NULL, 7, 'Cadillac SRX', NULL, NULL),
(455, NULL, 7, 'Cadillac STS', NULL, NULL),
(456, NULL, 7, 'Cadillac Type 51', NULL, NULL),
(457, NULL, 7, 'Cadillac V-Series', NULL, NULL),
(458, NULL, 7, 'Cadillac XT4', NULL, NULL),
(459, NULL, 7, 'Cadillac XLR', NULL, NULL),
(460, NULL, 7, 'Cadillac XT5', NULL, NULL),
(461, NULL, 7, 'Cadillac XTS', NULL, NULL),
(462, NULL, 8, 'Chevrolet 490', NULL, NULL),
(463, NULL, 8, 'Chevrolet', NULL, NULL),
(464, NULL, 8, 'Chevrolet Agile', NULL, NULL),
(465, NULL, 8, 'Chevrolet Astra', NULL, NULL),
(466, NULL, 8, 'Chevrolet Astro', NULL, NULL),
(467, NULL, 8, 'Chevrolet Aveo', NULL, NULL),
(468, NULL, 8, 'Chevrolet Bel Air', NULL, NULL),
(469, NULL, 8, 'Chevrolet Beretta', NULL, NULL),
(470, NULL, 8, 'Chevrolet Blazer', NULL, NULL),
(471, NULL, 8, 'Chevrolet Bolt', NULL, NULL),
(472, NULL, 8, 'Chevrolet C-10', NULL, NULL),
(473, NULL, 8, 'Chevrolet Calibra', NULL, NULL),
(474, NULL, 8, 'Chevrolet Camaro', NULL, NULL),
(475, NULL, 8, 'Chevrolet Captiva', NULL, NULL),
(476, NULL, 8, 'Chevrolet Celebrity', NULL, NULL),
(477, NULL, 8, 'Chevrolet Celta', NULL, NULL),
(478, NULL, 8, 'Chevrolet Chevette', NULL, NULL),
(479, NULL, 8, 'Chevrolet Caprice', NULL, NULL),
(480, NULL, 8, 'Chevrolet Cavalier', NULL, NULL),
(481, NULL, 8, 'Chevrolet Chevelle', NULL, NULL),
(482, NULL, 8, 'Chevrolet Chevy', NULL, NULL),
(483, NULL, 8, 'Chevrolet Cheyenne', NULL, NULL),
(484, NULL, 8, 'Chevrolet Combo', NULL, NULL),
(485, NULL, 8, 'Chevrolet Corsa', NULL, NULL),
(486, NULL, 8, 'Chevrolet Corvette (C4)', NULL, NULL),
(487, NULL, 8, 'Chevrolet Corvette C7', NULL, NULL),
(488, NULL, 8, 'Chevrolet Master', NULL, NULL),
(489, NULL, 8, 'Chevrolet Chevy 500', NULL, NULL),
(490, NULL, 8, 'Chevrolet Citation IV', NULL, NULL),
(491, NULL, 8, 'Chevrolet Classic', NULL, NULL),
(492, NULL, 8, 'Chevrolet Cobalt', NULL, NULL),
(493, NULL, 8, 'Chevrolet Cobalt (Brasileno)', NULL, NULL),
(494, NULL, 8, 'Chevrolet Colorado', NULL, NULL),
(495, NULL, 8, 'Chevrolet Corvair', NULL, NULL),
(496, NULL, 8, 'Chevrolet Corvette', NULL, NULL),
(497, NULL, 8, 'Chevrolet Cruze', NULL, NULL),
(498, NULL, 8, 'Chevrolet D-20', NULL, NULL),
(499, NULL, 8, 'Chevrolet Equinox', NULL, NULL),
(500, NULL, 8, 'Chevrolet Fleetline', NULL, NULL),
(501, NULL, 8, 'Chevrolet Impala', NULL, NULL),
(502, NULL, 8, 'Isuzu Serie N', NULL, NULL),
(503, NULL, 8, 'Chevrolet Kadett', NULL, NULL),
(504, NULL, 8, 'Chevrolet Lumina', NULL, NULL),
(505, NULL, 8, 'Chevrolet Lumina APV', NULL, NULL),
(506, NULL, 8, 'Chevrolet LUV', NULL, NULL),
(507, NULL, 8, 'Isuzu D-Max', NULL, NULL),
(508, NULL, 8, 'Isuzu i-Series', NULL, NULL),
(509, NULL, 8, 'Chevrolet Malibu', NULL, NULL),
(510, NULL, 8, 'Chevrolet Marajo', NULL, NULL),
(511, NULL, 8, 'Chevrolet Matiz', NULL, NULL),
(512, NULL, 8, 'Chevrolet Meriva', NULL, NULL),
(513, NULL, 8, 'Minivan U (General Motors)', NULL, NULL),
(514, NULL, 8, 'Chevrolet Montana', NULL, NULL),
(515, NULL, 8, 'Chevrolet Monte Carlo', NULL, NULL),
(516, NULL, 8, 'Chevrolet Monza', NULL, NULL),
(517, NULL, 8, 'Chevrolet N300', NULL, NULL),
(518, NULL, 8, 'Chevrolet Niva/VAZ-2123', NULL, NULL),
(519, NULL, 8, 'Chevrolet Chevy II / Nova', NULL, NULL),
(520, NULL, 8, 'Chevrolet Nuevo Aveo / Sonic', NULL, NULL),
(521, NULL, 8, 'Chevrolet Omega', NULL, NULL),
(522, NULL, 8, 'Opel Omega', NULL, NULL),
(523, NULL, 8, 'Chevrolet Omega Suprema', NULL, NULL),
(524, NULL, 8, 'Chevrolet Onix', NULL, NULL),
(525, NULL, 8, 'Chevrolet Opala', NULL, NULL),
(526, NULL, 8, 'Chevrolet Optra', NULL, NULL),
(527, NULL, 8, 'Chevrolet Orlando', NULL, NULL),
(528, NULL, 8, 'Chevrolet Prisma', NULL, NULL),
(529, NULL, 8, 'Prototipo Chevrolet (Turismo Carretera)', NULL, NULL),
(530, NULL, 8, 'Chevrolet Rezzo', NULL, NULL),
(531, NULL, 8, 'Isuzu Rodeo', NULL, NULL),
(532, NULL, 8, 'Chevrolet S-10', NULL, NULL),
(533, NULL, 8, 'Chevrolet Sail', NULL, NULL),
(534, NULL, 8, 'Isuzu Forward', NULL, NULL),
(535, NULL, 8, 'Chevrolet Silverado', NULL, NULL),
(536, NULL, 8, 'Chevrolet Sonic', NULL, NULL),
(537, NULL, 8, 'Chevrolet Spark', NULL, NULL),
(538, NULL, 8, 'Chevrolet Spin', NULL, NULL),
(539, NULL, 8, 'Suzuki Swift', NULL, NULL),
(540, NULL, 8, 'Chevrolet SS', NULL, NULL),
(541, NULL, 8, 'Chevrolet SSR', NULL, NULL),
(542, NULL, 8, 'Chevrolet Suburban', NULL, NULL),
(543, NULL, 8, 'Chevrolet Suprema', NULL, NULL),
(544, NULL, 8, 'Chevrolet Tahoe', NULL, NULL),
(545, NULL, 8, 'Chevrolet Tigra', NULL, NULL),
(546, NULL, 8, 'Chevrolet Tornado', NULL, NULL),
(547, NULL, 8, 'Chevrolet TrailBlazer', NULL, NULL),
(548, NULL, 8, 'Chevrolet Traverse', NULL, NULL),
(549, NULL, 8, 'Chevrolet Trax', NULL, NULL),
(550, NULL, 8, 'Chevrolet WTCC Ultra', NULL, NULL),
(551, NULL, 8, 'Chevrolet Van', NULL, NULL),
(552, NULL, 8, 'Chevrolet Vectra', NULL, NULL),
(553, NULL, 8, 'Chevrolet Venture', NULL, NULL),
(554, NULL, 8, 'Chevrolet Vivant', NULL, NULL),
(555, NULL, 8, 'Chevrolet Volt', NULL, NULL),
(556, NULL, 8, 'Chevrolet Zafira', NULL, NULL),
(557, NULL, 3, 'Acura ARX-02', NULL, NULL),
(558, NULL, 3, 'Acura ARX-01', NULL, NULL),
(559, NULL, 3, 'Acura CSX', NULL, NULL),
(560, NULL, 3, 'Acura Legend', NULL, NULL),
(561, NULL, 3, 'Acura MDX', NULL, NULL),
(562, NULL, 3, 'Acura NSX', NULL, NULL),
(563, NULL, 3, 'Acura RDX', NULL, NULL),
(564, NULL, 3, 'Acura RL', NULL, NULL),
(565, NULL, 3, 'Acura RSX', NULL, NULL),
(566, NULL, 3, 'Acura TL', NULL, NULL),
(567, NULL, 3, 'Acura TSX', NULL, NULL),
(568, NULL, 2, 'Alfa Romeo 4C', NULL, NULL),
(569, NULL, 2, 'Alfa Romeo 6C', NULL, NULL),
(570, NULL, 2, 'Alfa Romeo 8C', NULL, NULL),
(571, NULL, 2, 'Alfa Romeo 8C Competizione', NULL, NULL),
(572, NULL, 2, 'Alfa Romeo 12C', NULL, NULL),
(573, NULL, 2, 'A.L.F.A 24 HP', NULL, NULL),
(574, NULL, 2, 'Alfa Romeo 33', NULL, NULL),
(575, NULL, 2, 'Alfa Romeo 33 Stradale', NULL, NULL),
(576, NULL, 2, 'Alfa Romeo 75', NULL, NULL),
(577, NULL, 2, 'Alfa Romeo 90', NULL, NULL),
(578, NULL, 2, 'Alfa Romeo 145', NULL, NULL),
(579, NULL, 2, 'Alfa Romeo 147', NULL, NULL),
(580, NULL, 2, 'Alfa Romeo 155', NULL, NULL),
(581, NULL, 2, 'Alfa Romeo 156', NULL, NULL),
(582, NULL, 2, 'Alfa Romeo 159', NULL, NULL),
(583, NULL, 2, 'Alfa Romeo 164', NULL, NULL),
(584, NULL, 2, 'Alfa Romeo 166', NULL, NULL),
(585, NULL, 2, 'Alfa Romeo 1750', NULL, NULL),
(586, NULL, 2, 'Alfa Romeo 2000', NULL, NULL),
(587, NULL, 2, 'Alfa Romeo 2300', NULL, NULL),
(588, NULL, 2, 'Alfa Romeo 2600', NULL, NULL),
(589, NULL, 2, 'Alfa Romeo Alfa 6', NULL, NULL),
(590, NULL, 2, 'Alfa Romeo Alfasud', NULL, NULL),
(591, NULL, 2, 'Alfa Romeo Alfetta', NULL, NULL),
(592, NULL, 2, 'Alfa Romeo Alfetta GT/GTV', NULL, NULL),
(593, NULL, 2, 'Alfa Romeo Arna', NULL, NULL),
(594, NULL, 2, 'Alfa Romeo Brera', NULL, NULL),
(595, NULL, 2, 'Alfa Romeo Dauphine', NULL, NULL),
(596, NULL, 2, 'Alfa Romeo Giulia //(1962)', NULL, NULL),
(597, NULL, 2, 'Alfa Romeo Giulia GT Veloce', NULL, NULL),
(598, NULL, 2, 'Alfa Romeo Giulia TZ', NULL, NULL),
(599, NULL, 2, 'Alfa Romeo Giulia //(2015)', NULL, NULL),
(600, NULL, 2, 'Alfa Romeo Giulietta //(1977)', NULL, NULL),
(601, NULL, 2, 'Alfa Romeo Giulietta // (1955)', NULL, NULL),
(602, NULL, 2, 'Alfa Romeo Giulietta //(2010)', NULL, NULL),
(603, NULL, 2, 'Alfa Romeo GT', NULL, NULL),
(604, NULL, 2, 'Alfa Romeo GTV', NULL, NULL),
(605, NULL, 2, 'Alfa Romeo Montreal', NULL, NULL),
(606, NULL, 2, 'Alfa Romeo MiTo', NULL, NULL),
(607, NULL, 2, 'Alfa Romeo P1', NULL, NULL),
(608, NULL, 2, 'Alfa Romeo P2', NULL, NULL),
(609, NULL, 2, 'Alfa Romeo P3', NULL, NULL),
(610, NULL, 2, 'Alfa Romeo RL', NULL, NULL),
(611, NULL, 2, 'Alfa Romeo RM', NULL, NULL),
(612, NULL, 2, 'Alfa Romeo Romeo', NULL, NULL),
(613, NULL, 2, 'Alfa Romeo Spider// (1966)', NULL, NULL),
(614, NULL, 2, 'Alfa Romeo Sprint', NULL, NULL),
(615, NULL, 2, 'Alfa Romeo Stelvio', NULL, NULL),
(616, NULL, 2, 'Alfa Romeo SZ/RZ', NULL, NULL),
(617, NULL, 4, 'Audi 50', NULL, NULL),
(618, NULL, 4, 'Audi 80', NULL, NULL),
(619, NULL, 4, 'Audi 100', NULL, NULL),
(620, NULL, 4, 'Audi A1', NULL, NULL),
(621, NULL, 4, 'Audi A2', NULL, NULL),
(622, NULL, 4, 'Audi A4', NULL, NULL),
(623, NULL, 4, 'Audi A5', NULL, NULL),
(624, NULL, 4, 'Audi A6', NULL, NULL),
(625, NULL, 4, 'Audi A6 allroad quattro', NULL, NULL),
(626, NULL, 4, 'Audi A8', NULL, NULL),
(627, NULL, 4, 'Audi 200', NULL, NULL),
(628, NULL, 4, 'Audi A3', NULL, NULL),
(629, NULL, 4, 'Audi A7', NULL, NULL),
(630, NULL, 4, 'Audi Allroad Quattro Concept', NULL, NULL),
(631, NULL, 4, 'Audi Avus Quattro', NULL, NULL),
(632, NULL, 4, 'Audi Cross Cabriolet', NULL, NULL),
(633, NULL, 4, 'Audi e-tron', NULL, NULL),
(634, NULL, 4, 'SEAT Exeo', NULL, NULL),
(635, NULL, 4, 'Audi F103', NULL, NULL),
(636, NULL, 4, 'Audi Le Mans quattro', NULL, NULL),
(637, NULL, 4, 'Audi Nuvolari', NULL, NULL),
(638, NULL, 4, 'Audi Q2', NULL, NULL),
(639, NULL, 4, 'Audi Q3', NULL, NULL),
(640, NULL, 4, 'Audi Q5', NULL, NULL),
(641, NULL, 4, 'Audi Q7', NULL, NULL),
(642, NULL, 4, 'Audi Quattro', NULL, NULL),
(643, NULL, 4, 'Audi Quattro Concept', NULL, NULL),
(644, NULL, 4, 'Audi R8', NULL, NULL),
(645, NULL, 4, 'Audi Roadjet', NULL, NULL),
(646, NULL, 4, 'Audi RS 6', NULL, NULL),
(647, NULL, 4, 'Audi RS2 Avant', NULL, NULL),
(648, NULL, 4, 'Audi RSQ', NULL, NULL),
(649, NULL, 4, 'Audi S1', NULL, NULL),
(650, NULL, 4, 'Audi Shooting Brake', NULL, NULL),
(651, NULL, 4, 'Audi Sportback concept', NULL, NULL),
(652, NULL, 4, 'Audi SQ5', NULL, NULL),
(653, NULL, 4, 'Audi TT', NULL, NULL),
(654, NULL, 4, 'Audi Urban Concept', NULL, NULL),
(655, NULL, 5, 'Bentley 3 Litros', NULL, NULL),
(656, NULL, 5, 'Bentley 6.5 Litros', NULL, NULL),
(657, NULL, 5, 'Bentley Arnage', NULL, NULL),
(658, NULL, 5, 'Bentley Azure', NULL, NULL),
(659, NULL, 5, 'Bentley Bentayga', NULL, NULL),
(660, NULL, 5, 'Bentley 3.5 Litros', NULL, NULL),
(661, NULL, 5, 'Bentley 4.5 Litros', NULL, NULL),
(662, NULL, 5, 'Bentley Brooklands', NULL, NULL),
(663, NULL, 5, 'Bentley Continental Flying Spur', NULL, NULL),
(664, NULL, 5, 'Bentley Continental GT', NULL, NULL),
(665, NULL, 5, 'Bentley Hunaudieres', NULL, NULL),
(666, NULL, 5, 'Bentley Mulsanne', NULL, NULL),
(667, NULL, 5, 'Bentley S2', NULL, NULL),
(668, NULL, 5, 'Bentley S3', NULL, NULL),
(669, NULL, 5, 'Bentley Speed 8', NULL, NULL),
(670, NULL, 6, 'BMW Serie 1', NULL, NULL),
(671, NULL, 6, 'BMW Serie 2', NULL, NULL),
(672, NULL, 6, 'BMW Serie 2 Active Tourer', NULL, NULL),
(673, NULL, 6, 'BMW Serie 3', NULL, NULL),
(674, NULL, 6, 'BMW 3.0 CSL', NULL, NULL),
(675, NULL, 6, 'BMW 3.0 CSL Hommage', NULL, NULL),
(676, NULL, 6, 'BMW Serie 4', NULL, NULL),
(677, NULL, 6, 'BMW Serie 5', NULL, NULL),
(678, NULL, 6, 'BMW Serie 5 Gran Turismo', NULL, NULL),
(679, NULL, 6, 'BMW Serie 6', NULL, NULL),
(680, NULL, 6, 'BMW E65/E66', NULL, NULL),
(681, NULL, 6, 'BMW Serie 7', NULL, NULL),
(682, NULL, 6, 'BMW Serie 8', NULL, NULL),
(683, NULL, 6, 'BMW 328', NULL, NULL),
(684, NULL, 6, 'BMW 507', NULL, NULL),
(685, NULL, 6, 'BMW 600', NULL, NULL),
(686, NULL, 6, 'BMW 700', NULL, NULL),
(687, NULL, 6, 'BMW CS', NULL, NULL),
(688, NULL, 6, 'BMW F 76', NULL, NULL),
(689, NULL, 6, 'BMW G30', NULL, NULL),
(690, NULL, 6, 'Isetta', NULL, NULL),
(691, NULL, 6, 'BMW M', NULL, NULL),
(692, NULL, 6, 'BMW M1', NULL, NULL),
(693, NULL, 6, 'BMW M3', NULL, NULL),
(694, NULL, 6, 'BMW M5', NULL, NULL),
(695, NULL, 6, 'BMW M6', NULL, NULL),
(696, NULL, 6, 'BMW Nazca C2', NULL, NULL),
(697, NULL, 6, 'BMW Turbo', NULL, NULL),
(698, NULL, 6, 'BMW X1', NULL, NULL),
(699, NULL, 6, 'BMW X2', NULL, NULL),
(700, NULL, 6, 'BMW X3', NULL, NULL),
(701, NULL, 6, 'BMW X5', NULL, NULL),
(702, NULL, 6, 'BMW X6', NULL, NULL),
(703, NULL, 6, 'BMW X7', NULL, NULL),
(704, NULL, 6, 'BMW Z1', NULL, NULL),
(705, NULL, 6, 'BMW Z2', NULL, NULL),
(706, NULL, 6, 'BMW Z3', NULL, NULL),
(707, NULL, 6, 'BMW Z4', NULL, NULL),
(708, NULL, 6, 'BMW Z4 M', NULL, NULL),
(709, NULL, 6, 'BMW Z8', NULL, NULL),
(710, NULL, 7, 'Cadillac Allante', NULL, NULL),
(711, NULL, 7, 'Cadillac ATS', NULL, NULL),
(712, NULL, 7, 'Cadillac BLS', NULL, NULL),
(713, NULL, 7, 'Cadillac Calais', NULL, NULL),
(714, NULL, 7, 'Cadillac Catera', NULL, NULL),
(715, NULL, 7, 'Cadillac Cimarron', NULL, NULL),
(716, NULL, 7, 'Cadillac Cien', NULL, NULL),
(717, NULL, 7, 'Cadillac Catera', NULL, NULL),
(718, NULL, 7, 'Cadillac CT6', NULL, NULL),
(719, NULL, 7, 'Cadillac CTS', NULL, NULL),
(720, NULL, 7, 'Cadillac DeVille', NULL, NULL),
(721, NULL, 7, 'Cadillac DTS', NULL, NULL),
(722, NULL, 7, 'Cadillac Eldorado', NULL, NULL),
(723, NULL, 7, 'Cadillac Brougham', NULL, NULL),
(724, NULL, 7, 'Cadillac ELR', NULL, NULL),
(725, NULL, 7, 'Cadillac Escalade', NULL, NULL),
(726, NULL, 7, 'Cadillac Evoq', NULL, NULL),
(727, NULL, 7, 'Cadillac Fleetwood', NULL, NULL),
(728, NULL, 7, 'Limusina presidencial (Estados Unidos)', NULL, NULL),
(729, NULL, 7, 'Cadillac Northstar LMP', NULL, NULL),
(730, NULL, 7, 'Cadillac Sixty Special', NULL, NULL),
(731, NULL, 7, 'Cadillac Seville', NULL, NULL),
(732, NULL, 7, 'Cadillac SRX', NULL, NULL),
(733, NULL, 7, 'Cadillac STS', NULL, NULL),
(734, NULL, 7, 'Cadillac Type 51', NULL, NULL),
(735, NULL, 7, 'Cadillac V-Series', NULL, NULL),
(736, NULL, 7, 'Cadillac XT4', NULL, NULL),
(737, NULL, 7, 'Cadillac XLR', NULL, NULL),
(738, NULL, 7, 'Cadillac XT5', NULL, NULL),
(739, NULL, 7, 'Cadillac XTS', NULL, NULL),
(740, NULL, 8, 'Chevrolet 490', NULL, NULL),
(741, NULL, 8, 'Chevrolet', NULL, NULL),
(742, NULL, 8, 'Chevrolet Agile', NULL, NULL),
(743, NULL, 8, 'Chevrolet Astra', NULL, NULL),
(744, NULL, 8, 'Chevrolet Astro', NULL, NULL),
(745, NULL, 8, 'Chevrolet Aveo', NULL, NULL),
(746, NULL, 8, 'Chevrolet Bel Air', NULL, NULL),
(747, NULL, 8, 'Chevrolet Beretta', NULL, NULL),
(748, NULL, 8, 'Chevrolet Blazer', NULL, NULL),
(749, NULL, 8, 'Chevrolet Bolt', NULL, NULL),
(750, NULL, 8, 'Chevrolet C-10', NULL, NULL),
(751, NULL, 8, 'Chevrolet Calibra', NULL, NULL),
(752, NULL, 8, 'Chevrolet Camaro', NULL, NULL),
(753, NULL, 8, 'Chevrolet Captiva', NULL, NULL),
(754, NULL, 8, 'Chevrolet Celebrity', NULL, NULL),
(755, NULL, 8, 'Chevrolet Celta', NULL, NULL),
(756, NULL, 8, 'Chevrolet Chevette', NULL, NULL),
(757, NULL, 8, 'Chevrolet Caprice', NULL, NULL),
(758, NULL, 8, 'Chevrolet Cavalier', NULL, NULL),
(759, NULL, 8, 'Chevrolet Chevelle', NULL, NULL),
(760, NULL, 8, 'Chevrolet Chevy', NULL, NULL),
(761, NULL, 8, 'Chevrolet Cheyenne', NULL, NULL),
(762, NULL, 8, 'Chevrolet Combo', NULL, NULL),
(763, NULL, 8, 'Chevrolet Corsa', NULL, NULL),
(764, NULL, 8, 'Chevrolet Corvette (C4)', NULL, NULL),
(765, NULL, 8, 'Chevrolet Corvette C7', NULL, NULL),
(766, NULL, 8, 'Chevrolet Master', NULL, NULL),
(767, NULL, 8, 'Chevrolet Chevy 500', NULL, NULL),
(768, NULL, 8, 'Chevrolet Citation IV', NULL, NULL),
(769, NULL, 8, 'Chevrolet Classic', NULL, NULL),
(770, NULL, 8, 'Chevrolet Cobalt', NULL, NULL),
(771, NULL, 8, 'Chevrolet Cobalt (Brasileno)', NULL, NULL),
(772, NULL, 8, 'Chevrolet Colorado', NULL, NULL),
(773, NULL, 8, 'Chevrolet Corvair', NULL, NULL),
(774, NULL, 8, 'Chevrolet Corvette', NULL, NULL),
(775, NULL, 8, 'Chevrolet Cruze', NULL, NULL),
(776, NULL, 8, 'Chevrolet D-20', NULL, NULL),
(777, NULL, 8, 'Chevrolet Equinox', NULL, NULL),
(778, NULL, 8, 'Chevrolet Fleetline', NULL, NULL),
(779, NULL, 8, 'Chevrolet Impala', NULL, NULL),
(780, NULL, 8, 'Isuzu Serie N', NULL, NULL),
(781, NULL, 8, 'Chevrolet Kadett', NULL, NULL),
(782, NULL, 8, 'Chevrolet Lumina', NULL, NULL),
(783, NULL, 8, 'Chevrolet Lumina APV', NULL, NULL),
(784, NULL, 8, 'Chevrolet LUV', NULL, NULL),
(785, NULL, 8, 'Isuzu D-Max', NULL, NULL),
(786, NULL, 8, 'Isuzu i-Series', NULL, NULL),
(787, NULL, 8, 'Chevrolet Malibu', NULL, NULL),
(788, NULL, 8, 'Chevrolet Marajo', NULL, NULL),
(789, NULL, 8, 'Chevrolet Matiz', NULL, NULL),
(790, NULL, 8, 'Chevrolet Meriva', NULL, NULL),
(791, NULL, 8, 'Minivan U (General Motors)', NULL, NULL),
(792, NULL, 8, 'Chevrolet Montana', NULL, NULL),
(793, NULL, 8, 'Chevrolet Monte Carlo', NULL, NULL),
(794, NULL, 8, 'Chevrolet Monza', NULL, NULL),
(795, NULL, 8, 'Chevrolet N300', NULL, NULL),
(796, NULL, 8, 'Chevrolet Niva/VAZ-2123', NULL, NULL),
(797, NULL, 8, 'Chevrolet Chevy II / Nova', NULL, NULL),
(798, NULL, 8, 'Chevrolet Nuevo Aveo / Sonic', NULL, NULL),
(799, NULL, 8, 'Chevrolet Omega', NULL, NULL),
(800, NULL, 8, 'Opel Omega', NULL, NULL),
(801, NULL, 8, 'Chevrolet Omega Suprema', NULL, NULL),
(802, NULL, 8, 'Chevrolet Onix', NULL, NULL),
(803, NULL, 8, 'Chevrolet Opala', NULL, NULL),
(804, NULL, 8, 'Chevrolet Optra', NULL, NULL),
(805, NULL, 8, 'Chevrolet Orlando', NULL, NULL),
(806, NULL, 8, 'Chevrolet Prisma', NULL, NULL),
(807, NULL, 8, 'Prototipo Chevrolet (Turismo Carretera)', NULL, NULL),
(808, NULL, 8, 'Chevrolet Rezzo', NULL, NULL),
(809, NULL, 8, 'Isuzu Rodeo', NULL, NULL),
(810, NULL, 8, 'Chevrolet S-10', NULL, NULL),
(811, NULL, 8, 'Chevrolet Sail', NULL, NULL),
(812, NULL, 8, 'Isuzu Forward', NULL, NULL),
(813, NULL, 8, 'Chevrolet Silverado', NULL, NULL),
(814, NULL, 8, 'Chevrolet Sonic', NULL, NULL),
(815, NULL, 8, 'Chevrolet Spark', NULL, NULL),
(816, NULL, 8, 'Chevrolet Spin', NULL, NULL),
(817, NULL, 8, 'Suzuki Swift', NULL, NULL),
(818, NULL, 8, 'Chevrolet SS', NULL, NULL),
(819, NULL, 8, 'Chevrolet SSR', NULL, NULL),
(820, NULL, 8, 'Chevrolet Suburban', NULL, NULL),
(821, NULL, 8, 'Chevrolet Suprema', NULL, NULL),
(822, NULL, 8, 'Chevrolet Tahoe', NULL, NULL),
(823, NULL, 8, 'Chevrolet Tigra', NULL, NULL),
(824, NULL, 8, 'Chevrolet Tornado', NULL, NULL),
(825, NULL, 8, 'Chevrolet TrailBlazer', NULL, NULL),
(826, NULL, 8, 'Chevrolet Traverse', NULL, NULL),
(827, NULL, 8, 'Chevrolet Trax', NULL, NULL),
(828, NULL, 8, 'Chevrolet WTCC Ultra', NULL, NULL),
(829, NULL, 8, 'Chevrolet Van', NULL, NULL),
(830, NULL, 8, 'Chevrolet Vectra', NULL, NULL),
(831, NULL, 8, 'Chevrolet Venture', NULL, NULL),
(832, NULL, 8, 'Chevrolet Vivant', NULL, NULL),
(833, NULL, 8, 'Chevrolet Volt', NULL, NULL),
(834, NULL, 8, 'Chevrolet Zafira', NULL, NULL),
(835, NULL, 9, 'Citroen 2CV', NULL, NULL),
(836, NULL, 9, 'Citroen Acadiane', NULL, NULL),
(837, NULL, 9, 'Citroen Ami', NULL, NULL),
(838, NULL, 9, 'Citroen AX', NULL, NULL),
(839, NULL, 9, 'Citroen Axel', NULL, NULL),
(840, NULL, 9, 'Furgoneta pequena PSA', NULL, NULL),
(841, NULL, 9, 'Citroen BX', NULL, NULL),
(842, NULL, 9, 'Citroen C-Airplay', NULL, NULL),
(843, NULL, 9, 'Citroen C-Buggy', NULL, NULL),
(844, NULL, 9, 'Citroen C-Crosser', NULL, NULL),
(845, NULL, 9, 'Citroen C-Metisse', NULL, NULL),
(846, NULL, 9, 'Citroen C1', NULL, NULL),
(847, NULL, 9, 'Citroen C2', NULL, NULL),
(848, NULL, 9, 'Citroen C3', NULL, NULL),
(849, NULL, 9, 'Citroen C3 Aircross', NULL, NULL),
(850, NULL, 9, 'Citroen C3 Picasso', NULL, NULL),
(851, NULL, 9, 'Citroen C4', NULL, NULL),
(852, NULL, 9, 'Citroen C4 Aircross', NULL, NULL),
(853, NULL, 9, 'Citroen C4 Cactus', NULL, NULL),
(854, NULL, 9, 'Citroen C4 Picasso', NULL, NULL),
(855, NULL, 9, 'Citroen C4 SpaceTourer', NULL, NULL),
(856, NULL, 9, 'Citroen C5', NULL, NULL),
(857, NULL, 9, 'Citroen C5 Aircross', NULL, NULL),
(858, NULL, 9, 'Citroen C6', NULL, NULL),
(859, NULL, 9, 'Citroen C6 (China)', NULL, NULL),
(860, NULL, 9, 'Citroen C8', NULL, NULL),
(861, NULL, 9, 'Citroen C15', NULL, NULL),
(862, NULL, 9, 'Citroen C35', NULL, NULL),
(863, NULL, 9, 'Citroen C-SportLounge', NULL, NULL),
(864, NULL, 9, 'Citroen CX', NULL, NULL),
(865, NULL, 9, 'Citroen-Kegresse', NULL, NULL),
(866, NULL, 9, 'Citycar (PSA/Toyota)', NULL, NULL),
(867, NULL, 9, 'Citroen DS', NULL, NULL),
(868, NULL, 9, 'DS3', NULL, NULL),
(869, NULL, 9, 'DS4', NULL, NULL),
(870, NULL, 9, 'DS5', NULL, NULL),
(871, NULL, 9, 'Citroen Dyane', NULL, NULL),
(872, NULL, 9, 'Citroen Eco 2000', NULL, NULL),
(873, NULL, 9, 'Citroen Elysee', NULL, NULL),
(874, NULL, 9, 'Citroen Evasion', NULL, NULL),
(875, NULL, 9, 'Citroen GS', NULL, NULL),
(876, NULL, 9, 'GT by Citroen', NULL, NULL),
(877, NULL, 9, 'Citroen H', NULL, NULL),
(878, NULL, 9, 'Citroen Hypnos', NULL, NULL),
(879, NULL, 9, 'Citroen Jumper', NULL, NULL),
(880, NULL, 9, 'Citroen Jumpy', NULL, NULL),
(881, NULL, 9, 'Citroen Lacoste', NULL, NULL),
(882, NULL, 9, 'Citroen LNA', NULL, NULL),
(883, NULL, 9, 'Citroen Mehari', NULL, NULL),
(884, NULL, 9, 'Citroen Nemo', NULL, NULL),
(885, NULL, 9, 'Citroen Revolte', NULL, NULL),
(886, NULL, 9, 'Citroen Rosalie', NULL, NULL),
(887, NULL, 9, 'Citroen Saxo', NULL, NULL),
(888, NULL, 9, 'Citroen SM', NULL, NULL),
(889, NULL, 9, 'Citroen Survolt', NULL, NULL),
(890, NULL, 9, 'Citroen Traction Avant', NULL, NULL),
(891, NULL, 9, 'Citroen Visa', NULL, NULL),
(892, NULL, 9, 'Citroen Xantia', NULL, NULL),
(893, NULL, 9, 'Citroen XM', NULL, NULL),
(894, NULL, 9, 'Citroen Xsara', NULL, NULL),
(895, NULL, 9, 'Citroen Xsara Picasso', NULL, NULL),
(896, NULL, 9, 'Citroen Zabrus', NULL, NULL),
(897, NULL, 9, 'Citroen ZX', NULL, NULL),
(898, NULL, 10, 'Dacia 1100', NULL, NULL),
(899, NULL, 10, 'Dacia 1300', NULL, NULL),
(900, NULL, 10, 'ARO 10', NULL, NULL),
(901, NULL, 10, 'Dacia Dokker', NULL, NULL),
(902, NULL, 10, 'Dacia Duster', NULL, NULL),
(903, NULL, 10, 'Dacia Lodgy', NULL, NULL),
(904, NULL, 10, 'Dacia Logan', NULL, NULL),
(905, NULL, 10, 'Mahindra-Renault Verito', NULL, NULL),
(906, NULL, 10, 'Dacia Nova', NULL, NULL),
(907, NULL, 10, 'Renault Tondar 90', NULL, NULL),
(908, NULL, 10, 'Dacia Sandero', NULL, NULL),
(909, NULL, 10, 'Dacia Sandero Stepway', NULL, NULL),
(910, NULL, 10, 'Dacia Solenza', NULL, NULL),
(911, NULL, 10, 'Dacia SuperNova', NULL, NULL),
(912, NULL, 11, 'Daewoo Arcadia', NULL, NULL),
(913, NULL, 11, 'Daewoo Bucrane', NULL, NULL),
(914, NULL, 11, 'Daewoo Cielo', NULL, NULL),
(915, NULL, 11, 'Daewoo Espero', NULL, NULL),
(916, NULL, 11, 'Daewoo Gentra', NULL, NULL),
(917, NULL, 11, 'GM Korea', NULL, NULL),
(918, NULL, 11, 'Daewoo Kalos', NULL, NULL),
(919, NULL, 11, 'Daewoo Lanos', NULL, NULL),
(920, NULL, 11, 'Daewoo Le Mans', NULL, NULL),
(921, NULL, 11, 'Daewoo Maepsy', NULL, NULL),
(922, NULL, 11, 'Daewoo Magnus', NULL, NULL),
(923, NULL, 11, 'Chevrolet Spark', NULL, NULL),
(924, NULL, 11, 'Daewoo Nexia', NULL, NULL),
(925, NULL, 11, 'Daewoo Nubira', NULL, NULL),
(926, NULL, 11, 'Daewoo Racer', NULL, NULL),
(927, NULL, 11, 'Daewoo Racer/Cielo', NULL, NULL),
(928, NULL, 11, 'Daewoo Rezzo', NULL, NULL),
(929, NULL, 11, 'Daewoo Royale', NULL, NULL),
(930, NULL, 11, 'Daewoo Tacuma', NULL, NULL),
(931, NULL, 11, 'Daewoo Tico', NULL, NULL),
(932, NULL, 11, 'Daewoo Tosca', NULL, NULL),
(933, NULL, 11, 'Daewoo Vivant', NULL, NULL),
(934, NULL, 11, 'Daewoo Winstorm', NULL, NULL),
(935, NULL, 12, 'Daihatsu Altis', NULL, NULL),
(936, NULL, 12, 'Daihatsu Applause', NULL, NULL),
(937, NULL, 12, 'Daihatsu Boon', NULL, NULL),
(938, NULL, 12, 'Daihatsu Charade', NULL, NULL),
(939, NULL, 12, 'Daihatsu Coo', NULL, NULL),
(940, NULL, 12, 'Daihatsu Copen', NULL, NULL),
(941, NULL, 12, 'Daihatsu Cuore', NULL, NULL),
(942, NULL, 12, 'K3-VE', NULL, NULL),
(943, NULL, 12, 'Daihatsu Materia', NULL, NULL),
(944, NULL, 12, 'Daihatsu Midget', NULL, NULL),
(945, NULL, 12, 'Daihatsu Mira', NULL, NULL),
(946, NULL, 12, 'Daihatsu Move', NULL, NULL),
(947, NULL, 12, 'Daihatsu Sirion', NULL, NULL),
(948, NULL, 12, 'Daihatsu Terios', NULL, NULL),
(949, NULL, 13, 'Datsun redi-GO', NULL, NULL),
(950, NULL, 13, 'Datsun GO', NULL, NULL),
(951, NULL, 13, 'Datsun GO+', NULL, NULL),
(952, NULL, 13, 'Datsun ON-DO', NULL, NULL),
(953, NULL, 13, 'Datsun MI-DO', NULL, NULL),
(954, NULL, 13, 'Datsun 120', NULL, NULL),
(955, NULL, 13, 'Datsun Cross', NULL, NULL),
(956, NULL, 14, 'Dodge 400', NULL, NULL),
(957, NULL, 14, 'Dodge 600', NULL, NULL),
(958, NULL, 14, 'Dodge 1500', NULL, NULL),
(959, NULL, 14, 'Dodge 3700', NULL, NULL),
(960, NULL, 14, 'Dodge Aries', NULL, NULL),
(961, NULL, 14, 'Dodge Aspen', NULL, NULL),
(962, NULL, 14, 'Dodge Attitude', NULL, NULL),
(963, NULL, 14, 'Dodge Avenger', NULL, NULL),
(964, NULL, 14, 'Dodge Caliber', NULL, NULL),
(965, NULL, 14, 'Dodge Caravan', NULL, NULL),
(966, NULL, 14, 'Dodge Challenger', NULL, NULL),
(967, NULL, 14, 'Dodge Charger', NULL, NULL),
(968, NULL, 14, 'Dodge Charger (B-body)', NULL, NULL),
(969, NULL, 14, 'Dodge Charger (LX)', NULL, NULL),
(970, NULL, 14, 'Dodge Cherokee', NULL, NULL),
(971, NULL, 14, 'Dodge Colt', NULL, NULL),
(972, NULL, 14, 'Dodge Coronado', NULL, NULL),
(973, NULL, 14, 'Dodge Coronet', NULL, NULL),
(974, NULL, 14, 'Dodge D Series', NULL, NULL),
(975, NULL, 14, 'Dodge Dart', NULL, NULL),
(976, NULL, 14, 'Dodge Dart GT', NULL, NULL),
(977, NULL, 14, 'Dodge Dakota', NULL, NULL),
(978, NULL, 14, 'Dodge Daytona', NULL, NULL),
(979, NULL, 14, 'Dodge Diplomat', NULL, NULL),
(980, NULL, 14, 'Dodge Durango', NULL, NULL),
(981, NULL, 14, 'Dodge Dynasty', NULL, NULL),
(982, NULL, 14, 'Dodge GTX', NULL, NULL),
(983, NULL, 14, 'Dodge Intrepid', NULL, NULL),
(984, NULL, 14, 'Dodge Journey', NULL, NULL),
(985, NULL, 14, 'Dodge Lancer', NULL, NULL),
(986, NULL, 14, 'Dodge Magnum', NULL, NULL),
(987, NULL, 14, 'Dodge Mirada', NULL, NULL),
(988, NULL, 14, 'Dodge Monaco', NULL, NULL),
(989, NULL, 14, 'Dodge Neon SRT-4', NULL, NULL),
(990, NULL, 14, 'Dodge Nitro', NULL, NULL),
(991, NULL, 14, 'Dodge Omni', NULL, NULL),
(992, NULL, 14, 'Dodge Polara', NULL, NULL),
(993, NULL, 14, 'Dodge Ram SRT 10', NULL, NULL),
(994, NULL, 14, 'Dodge Ramcharger', NULL, NULL),
(995, NULL, 14, 'Ram Pickup', NULL, NULL),
(996, NULL, 14, 'Dodge Spirit', NULL, NULL),
(997, NULL, 14, 'Dodge Stratus', NULL, NULL),
(998, NULL, 14, 'Dodge Super Bee', NULL, NULL),
(999, NULL, 14, 'Dodge Viper', NULL, NULL),
(1000, NULL, 15, 'Ferrari 250', NULL, NULL),
(1001, NULL, 15, 'Ferrari 250 GT Berlinetta', NULL, NULL),
(1002, NULL, 15, 'Ferrari 250 GTO', NULL, NULL),
(1003, NULL, 15, 'Ferrari 288 GTO', NULL, NULL),
(1004, NULL, 15, 'Ferrari 308 GTB', NULL, NULL),
(1005, NULL, 15, 'Ferrari 328', NULL, NULL),
(1006, NULL, 15, 'Ferrari 333 SP', NULL, NULL),
(1007, NULL, 15, 'Ferrari 348', NULL, NULL),
(1008, NULL, 15, 'Ferrari 360', NULL, NULL),
(1009, NULL, 15, 'Ferrari 365 GT4 2+2', NULL, NULL),
(1010, NULL, 15, 'Ferrari 400', NULL, NULL),
(1011, NULL, 15, 'Ferrari 456', NULL, NULL),
(1012, NULL, 15, 'Ferrari 458 Italia', NULL, NULL),
(1013, NULL, 15, 'Ferrari 458 Speciale', NULL, NULL),
(1014, NULL, 15, 'Ferrari 488', NULL, NULL),
(1015, NULL, 15, 'Ferrari 550', NULL, NULL),
(1016, NULL, 15, 'Ferrari 575M Maranello', NULL, NULL),
(1017, NULL, 15, 'Ferrari 599 GTB Fiorano', NULL, NULL),
(1018, NULL, 15, 'Ferrari 612 Scaglietti', NULL, NULL),
(1019, NULL, 15, 'Ferrari 637', NULL, NULL),
(1020, NULL, 15, 'Ferrari 812 Superfast', NULL, NULL),
(1021, NULL, 15, 'Ferrari California', NULL, NULL),
(1022, NULL, 15, 'Ferrari Daytona', NULL, NULL),
(1023, NULL, 15, 'Ferrari Dino', NULL, NULL),
(1024, NULL, 15, 'Ferrari Enzo', NULL, NULL),
(1025, NULL, 15, 'Ferrari F12berlinetta', NULL, NULL),
(1026, NULL, 15, 'Ferrari F12 TRS', NULL, NULL),
(1027, NULL, 15, 'Ferrari F12tdf', NULL, NULL),
(1028, NULL, 15, 'Ferrari F40', NULL, NULL),
(1029, NULL, 15, 'Ferrari F50', NULL, NULL),
(1030, NULL, 15, 'Ferrari F355', NULL, NULL),
(1031, NULL, 15, 'Ferrari F430', NULL, NULL),
(1032, NULL, 15, 'Ferrari F80 Concept', NULL, NULL),
(1033, NULL, 15, 'Ferrari F154', NULL, NULL),
(1034, NULL, 15, 'Ferrari F430 Challenge', NULL, NULL),
(1035, NULL, 15, 'Ferrari FF', NULL, NULL),
(1036, NULL, 15, 'Ferrari FX', NULL, NULL),
(1037, NULL, 15, 'Ferrari FXX', NULL, NULL),
(1038, NULL, 15, 'Ferrari GTC4Lusso', NULL, NULL),
(1039, NULL, 15, 'Ferrari LaFerrari', NULL, NULL),
(1040, NULL, 15, 'Ferrari Mythos', NULL, NULL),
(1041, NULL, 15, 'Ferrari P4/5', NULL, NULL),
(1042, NULL, 15, 'Ferrari Portofino', NULL, NULL),
(1043, NULL, 15, 'Ferrari SP', NULL, NULL),
(1044, NULL, 15, 'Ferrari Testarossa', NULL, NULL),
(1045, NULL, 15, 'Ferrari TR', NULL, NULL),
(1046, NULL, 16, 'Fiat 2B', NULL, NULL),
(1047, NULL, 16, 'Fiat 3 HP', NULL, NULL),
(1048, NULL, 16, 'Fiat 6-8 HP', NULL, NULL),
(1049, NULL, 16, 'Fiat 8 HP', NULL, NULL),
(1050, NULL, 16, 'Fiat 10 HP', NULL, NULL),
(1051, NULL, 16, 'Fiat 12 HP', NULL, NULL),
(1052, NULL, 16, 'Fiat 24-32 HP', NULL, NULL),
(1053, NULL, 16, 'Fiat 50 HP', NULL, NULL),
(1054, NULL, 16, 'Fiat 60 HP', NULL, NULL),
(1055, NULL, 16, 'Fiat 70', NULL, NULL),
(1056, NULL, 16, 'Fiat 124', NULL, NULL),
(1057, NULL, 16, 'Fiat 124 Spider', NULL, NULL),
(1058, NULL, 16, 'Fiat 125', NULL, NULL),
(1059, NULL, 16, 'Fiat 125 Mirafiori', NULL, NULL),
(1060, NULL, 16, 'Fiat 125 Centurion', NULL, NULL),
(1061, NULL, 16, 'Fiat 126', NULL, NULL),
(1062, NULL, 16, 'Fiat 127', NULL, NULL),
(1063, NULL, 16, 'Fiat 128', NULL, NULL),
(1064, NULL, 16, 'Fiat 130', NULL, NULL),
(1065, NULL, 16, 'Fiat 131', NULL, NULL),
(1066, NULL, 16, 'Fiat 133', NULL, NULL),
(1067, NULL, 16, 'Fiat 147', NULL, NULL),
(1068, NULL, 16, 'Fiat 242', NULL, NULL),
(1069, NULL, 16, 'Fiat 500', NULL, NULL),
(1070, NULL, 16, 'Fiat 500C', NULL, NULL),
(1071, NULL, 16, 'Fiat 500e', NULL, NULL),
(1072, NULL, 16, 'Fiat 500L', NULL, NULL),
(1073, NULL, 16, 'Fiat 500X', NULL, NULL),
(1074, NULL, 16, 'Fiat 501', NULL, NULL),
(1075, NULL, 16, 'Fiat 502', NULL, NULL),
(1076, NULL, 16, 'Fiat 503', NULL, NULL),
(1077, NULL, 16, 'Fiat 507', NULL, NULL),
(1078, NULL, 16, 'Fiat 508', NULL, NULL),
(1079, NULL, 16, 'Fiat 510', NULL, NULL),
(1080, NULL, 16, 'Fiat 512', NULL, NULL),
(1081, NULL, 16, 'Fiat 514', NULL, NULL),
(1082, NULL, 16, 'Fiat 515', NULL, NULL),
(1083, NULL, 16, 'Fiat 525', NULL, NULL),
(1084, NULL, 16, 'Fiat 600', NULL, NULL),
(1085, NULL, 16, 'Fiat 615', NULL, NULL),
(1086, NULL, 16, 'Fiat 850', NULL, NULL),
(1087, NULL, 16, 'Fiat 1100', NULL, NULL),
(1088, NULL, 16, 'Fiat 1300/1500', NULL, NULL),
(1089, NULL, 16, 'Fiat 1400/1900', NULL, NULL),
(1090, NULL, 16, 'Fiat 1600', NULL, NULL),
(1091, NULL, 16, 'Fiat 1800/2100', NULL, NULL),
(1092, NULL, 16, 'Fiat Albea', NULL, NULL),
(1093, NULL, 16, 'Fiat Argo', NULL, NULL),
(1094, NULL, 16, 'Fiat Barchetta', NULL, NULL),
(1095, NULL, 16, 'Fiat Bravo/Brava', NULL, NULL),
(1096, NULL, 16, 'Fiat Cinquecento', NULL, NULL),
(1097, NULL, 16, 'Fiat Coupe', NULL, NULL),
(1098, NULL, 16, 'Fiat Croma', NULL, NULL),
(1099, NULL, 16, 'Fiat Cronos', NULL, NULL),
(1100, NULL, 16, 'Fiat Doblo', NULL, NULL),
(1101, NULL, 16, 'Fiat Duna', NULL, NULL),
(1102, NULL, 16, 'Fiat Elba', NULL, NULL),
(1103, NULL, 16, 'Fiat Fullback', NULL, NULL),
(1104, NULL, 16, 'Fiat Freemont', NULL, NULL),
(1105, NULL, 16, 'Fiat Grande Punto', NULL, NULL),
(1106, NULL, 16, 'Fiat Idea', NULL, NULL),
(1107, NULL, 16, 'Fiat Linea', NULL, NULL),
(1108, NULL, 16, 'Fiat Linea TRV6', NULL, NULL),
(1109, NULL, 16, 'Fiat Mobi', NULL, NULL),
(1110, NULL, 16, 'Fiat Multipla', NULL, NULL),
(1111, NULL, 16, 'Fiat Oggi', NULL, NULL),
(1112, NULL, 16, 'Fiat Ottimo', NULL, NULL),
(1113, NULL, 16, 'Fiat Palio', NULL, NULL),
(1114, NULL, 16, 'Fiat Palio Weekend', NULL, NULL),
(1115, NULL, 16, 'Fiat Panda', NULL, NULL),
(1116, NULL, 16, 'Fiat Pininfarina Coupe y Cabriolet', NULL, NULL),
(1117, NULL, 16, 'Fiat Premio', NULL, NULL),
(1118, NULL, 16, 'Fiat Punto', NULL, NULL),
(1119, NULL, 16, 'Fiat Qubo', NULL, NULL),
(1120, NULL, 16, 'Fiat Regata', NULL, NULL),
(1121, NULL, 16, 'Fiat Ritmo', NULL, NULL),
(1122, NULL, 16, 'Fiat Sedici', NULL, NULL),
(1123, NULL, 16, 'Fiat Seicento', NULL, NULL),
(1124, NULL, 16, 'Fiat Siena', NULL, NULL),
(1125, NULL, 16, 'Fiat Stilo', NULL, NULL),
(1126, NULL, 16, 'Fiat Strada', NULL, NULL);
INSERT INTO `modelo_vehiculo` (`id`, `vigencia`, `marca_vehiculo_id`, `descripcion`, `created_at`, `updated_at`) VALUES
(1127, NULL, 16, 'Fiat Tempra', NULL, NULL),
(1128, NULL, 16, 'Fiat Tipo', NULL, NULL),
(1129, NULL, 16, 'Fiat Toro', NULL, NULL),
(1130, NULL, 16, 'Fiat Ulysse', NULL, NULL),
(1131, NULL, 16, 'Fiat Uno', NULL, NULL),
(1132, NULL, 16, 'Fiat 1500 Coupe Vignale', NULL, NULL),
(1133, NULL, 16, 'Fiat Viaggio', NULL, NULL),
(1134, NULL, 16, 'Fiat Weekend', NULL, NULL),
(1135, NULL, 16, 'Fiat X1/9', NULL, NULL),
(1136, NULL, 16, 'Fiat Zero', NULL, NULL),
(1137, NULL, 17, 'Ford 7Y', NULL, NULL),
(1138, NULL, 17, 'Ford 48', NULL, NULL),
(1139, NULL, 17, 'Ford 999', NULL, NULL),
(1140, NULL, 17, 'Ford 1937', NULL, NULL),
(1141, NULL, 17, 'Ford 1941', NULL, NULL),
(1142, NULL, 17, 'Ford 1949', NULL, NULL),
(1143, NULL, 17, 'Ford 1952', NULL, NULL),
(1144, NULL, 17, 'Ford 1955', NULL, NULL),
(1145, NULL, 17, 'Ford 1957', NULL, NULL),
(1146, NULL, 17, 'Ford 1960', NULL, NULL),
(1147, NULL, 17, 'Ford A', NULL, NULL),
(1148, NULL, 17, 'Ford Aerostar', NULL, NULL),
(1149, NULL, 17, 'Ford Anglia', NULL, NULL),
(1150, NULL, 17, 'Ford B', NULL, NULL),
(1151, NULL, 17, 'Baufer Ford F-100', NULL, NULL),
(1152, NULL, 17, 'Ford Belina', NULL, NULL),
(1153, NULL, 17, 'Ford B-Max', NULL, NULL),
(1154, NULL, 17, 'Ford Bronco', NULL, NULL),
(1155, NULL, 17, 'Ford C', NULL, NULL),
(1156, NULL, 17, 'Ford C (1904)', NULL, NULL),
(1157, NULL, 17, 'Ford C-Max Energi', NULL, NULL),
(1158, NULL, 17, 'Ford Capri', NULL, NULL),
(1159, NULL, 17, 'Ford Consul Capri', NULL, NULL),
(1160, NULL, 17, 'Ford C-Max', NULL, NULL),
(1161, NULL, 17, 'Ford Contour', NULL, NULL),
(1162, NULL, 17, 'Ford Corcel', NULL, NULL),
(1163, NULL, 17, 'Ford Cougar (Europa)', NULL, NULL),
(1164, NULL, 17, 'Ford Courier', NULL, NULL),
(1165, NULL, 17, 'Ford Crown Victoria', NULL, NULL),
(1166, NULL, 17, 'Cuadriciclo Ford', NULL, NULL),
(1167, NULL, 17, 'Ford Del Rey', NULL, NULL),
(1168, NULL, 17, 'Ford Expedition', NULL, NULL),
(1169, NULL, 17, 'Ford EcoSport', NULL, NULL),
(1170, NULL, 17, 'Ford Edge', NULL, NULL),
(1171, NULL, 17, 'Ford Edsel', NULL, NULL),
(1172, NULL, 17, 'Ford Eifel', NULL, NULL),
(1173, NULL, 17, 'Ford Escape', NULL, NULL),
(1174, NULL, 17, 'Ford Escort', NULL, NULL),
(1175, NULL, 17, 'Ford Escort (America del Norte)', NULL, NULL),
(1176, NULL, 17, 'Ford EXP', NULL, NULL),
(1177, NULL, 17, 'Ford F-100', NULL, NULL),
(1178, NULL, 17, 'Ford F-150', NULL, NULL),
(1179, NULL, 17, 'Ford F-1000', NULL, NULL),
(1180, NULL, 17, 'Ford Fairlane (Argentina)', NULL, NULL),
(1181, NULL, 17, 'Ford Fairmont', NULL, NULL),
(1182, NULL, 17, 'Ford Falcon (Estados Unidos)', NULL, NULL),
(1183, NULL, 17, 'Ford Fiesta', NULL, NULL),
(1184, NULL, 17, 'Ford Five Hundred', NULL, NULL),
(1185, NULL, 17, 'Ford Focus', NULL, NULL),
(1186, NULL, 17, 'Ford F', NULL, NULL),
(1187, NULL, 17, 'Ford Festiva', NULL, NULL),
(1188, NULL, 17, 'Ford Figo', NULL, NULL),
(1189, NULL, 17, 'Ford Flex', NULL, NULL),
(1190, NULL, 17, 'Ford Fusion (Europa)', NULL, NULL),
(1191, NULL, 17, 'Ford Forty-Nine', NULL, NULL),
(1192, NULL, 17, 'Ford Fusion Hybrid', NULL, NULL),
(1193, NULL, 17, 'Ford Galaxie', NULL, NULL),
(1194, NULL, 17, 'Ford Galaxy', NULL, NULL),
(1195, NULL, 17, 'Ford Galaxy/Versailles', NULL, NULL),
(1196, NULL, 17, 'Ford GT', NULL, NULL),
(1197, NULL, 17, 'Ford GT40', NULL, NULL),
(1198, NULL, 17, 'Ford GT90', NULL, NULL),
(1199, NULL, 17, 'Huayra Pronello - Ford', NULL, NULL),
(1200, NULL, 17, 'Ford Ikon', NULL, NULL),
(1201, NULL, 17, 'Ford Iosis', NULL, NULL),
(1202, NULL, 17, 'Ford Iosis X', NULL, NULL),
(1203, NULL, 17, 'Ford Ka', NULL, NULL),
(1204, NULL, 17, 'Ford Kuga', NULL, NULL),
(1205, NULL, 17, 'Ford Laser', NULL, NULL),
(1206, NULL, 17, 'Ford Maverick', NULL, NULL),
(1207, NULL, 17, 'Ford Meteor', NULL, NULL),
(1208, NULL, 17, 'Ford Mondeo', NULL, NULL),
(1209, NULL, 17, 'Ford Mustang VI', NULL, NULL),
(1210, NULL, 17, 'Ford Mustang', NULL, NULL),
(1211, NULL, 17, 'Ford N', NULL, NULL),
(1212, NULL, 17, 'Ford Nucleon', NULL, NULL),
(1213, NULL, 17, 'Ford Orion', NULL, NULL),
(1214, NULL, 17, 'Ford Pinto', NULL, NULL),
(1215, NULL, 17, 'Ford Popular', NULL, NULL),
(1216, NULL, 17, 'Ford Probe', NULL, NULL),
(1217, NULL, 17, 'Ford Puma', NULL, NULL),
(1218, NULL, 17, 'Ford Ranchero (Argentina)', NULL, NULL),
(1219, NULL, 17, 'Ford Ranger', NULL, NULL),
(1220, NULL, 17, 'Ford Royale', NULL, NULL),
(1221, NULL, 17, 'Ford S', NULL, NULL),
(1222, NULL, 17, 'Ford Scorpio', NULL, NULL),
(1223, NULL, 17, 'Ford Shelby GR-1', NULL, NULL),
(1224, NULL, 17, 'Ford Sierra', NULL, NULL),
(1225, NULL, 17, 'Ford S-Max', NULL, NULL),
(1226, NULL, 17, 'Ford SYNus', NULL, NULL),
(1227, NULL, 17, 'Ford T', NULL, NULL),
(1228, NULL, 17, 'Ford Taunus', NULL, NULL),
(1229, NULL, 17, 'Ford Taurus', NULL, NULL),
(1230, NULL, 17, 'Ford Tempo', NULL, NULL),
(1231, NULL, 17, 'Ford Thunderbird', NULL, NULL),
(1232, NULL, 17, 'Ford Torino', NULL, NULL),
(1233, NULL, 17, 'Ford Transit', NULL, NULL),
(1234, NULL, 17, 'Ford Transit Connect', NULL, NULL),
(1235, NULL, 17, 'Ford V8', NULL, NULL),
(1236, NULL, 17, 'Ford Vedette', NULL, NULL),
(1237, NULL, 17, 'Ford Vega', NULL, NULL),
(1238, NULL, 17, 'Ford Verona', NULL, NULL),
(1239, NULL, 17, 'Ford Windstar', NULL, NULL),
(1240, NULL, 17, 'Ford Y 8 HP', NULL, NULL),
(1241, NULL, 3, 'Acura ARX-02', NULL, NULL),
(1242, NULL, 3, 'Acura ARX-01', NULL, NULL),
(1243, NULL, 3, 'Acura CSX', NULL, NULL),
(1244, NULL, 3, 'Acura Legend', NULL, NULL),
(1245, NULL, 3, 'Acura MDX', NULL, NULL),
(1246, NULL, 3, 'Acura NSX', NULL, NULL),
(1247, NULL, 3, 'Acura RDX', NULL, NULL),
(1248, NULL, 3, 'Acura RL', NULL, NULL),
(1249, NULL, 3, 'Acura RSX', NULL, NULL),
(1250, NULL, 3, 'Acura TL', NULL, NULL),
(1251, NULL, 3, 'Acura TSX', NULL, NULL),
(1252, NULL, 2, 'Alfa Romeo 4C', NULL, NULL),
(1253, NULL, 2, 'Alfa Romeo 6C', NULL, NULL),
(1254, NULL, 2, 'Alfa Romeo 8C', NULL, NULL),
(1255, NULL, 2, 'Alfa Romeo 8C Competizione', NULL, NULL),
(1256, NULL, 2, 'Alfa Romeo 12C', NULL, NULL),
(1257, NULL, 2, 'A.L.F.A 24 HP', NULL, NULL),
(1258, NULL, 2, 'Alfa Romeo 33', NULL, NULL),
(1259, NULL, 2, 'Alfa Romeo 33 Stradale', NULL, NULL),
(1260, NULL, 2, 'Alfa Romeo 75', NULL, NULL),
(1261, NULL, 2, 'Alfa Romeo 90', NULL, NULL),
(1262, NULL, 2, 'Alfa Romeo 145', NULL, NULL),
(1263, NULL, 2, 'Alfa Romeo 147', NULL, NULL),
(1264, NULL, 2, 'Alfa Romeo 155', NULL, NULL),
(1265, NULL, 2, 'Alfa Romeo 156', NULL, NULL),
(1266, NULL, 2, 'Alfa Romeo 159', NULL, NULL),
(1267, NULL, 2, 'Alfa Romeo 164', NULL, NULL),
(1268, NULL, 2, 'Alfa Romeo 166', NULL, NULL),
(1269, NULL, 2, 'Alfa Romeo 1750', NULL, NULL),
(1270, NULL, 2, 'Alfa Romeo 2000', NULL, NULL),
(1271, NULL, 2, 'Alfa Romeo 2300', NULL, NULL),
(1272, NULL, 2, 'Alfa Romeo 2600', NULL, NULL),
(1273, NULL, 2, 'Alfa Romeo Alfa 6', NULL, NULL),
(1274, NULL, 2, 'Alfa Romeo Alfasud', NULL, NULL),
(1275, NULL, 2, 'Alfa Romeo Alfetta', NULL, NULL),
(1276, NULL, 2, 'Alfa Romeo Alfetta GT/GTV', NULL, NULL),
(1277, NULL, 2, 'Alfa Romeo Arna', NULL, NULL),
(1278, NULL, 2, 'Alfa Romeo Brera', NULL, NULL),
(1279, NULL, 2, 'Alfa Romeo Dauphine', NULL, NULL),
(1280, NULL, 2, 'Alfa Romeo Giulia //(1962)', NULL, NULL),
(1281, NULL, 2, 'Alfa Romeo Giulia GT Veloce', NULL, NULL),
(1282, NULL, 2, 'Alfa Romeo Giulia TZ', NULL, NULL),
(1283, NULL, 2, 'Alfa Romeo Giulia //(2015)', NULL, NULL),
(1284, NULL, 2, 'Alfa Romeo Giulietta //(1977)', NULL, NULL),
(1285, NULL, 2, 'Alfa Romeo Giulietta // (1955)', NULL, NULL),
(1286, NULL, 2, 'Alfa Romeo Giulietta //(2010)', NULL, NULL),
(1287, NULL, 2, 'Alfa Romeo GT', NULL, NULL),
(1288, NULL, 2, 'Alfa Romeo GTV', NULL, NULL),
(1289, NULL, 2, 'Alfa Romeo Montreal', NULL, NULL),
(1290, NULL, 2, 'Alfa Romeo MiTo', NULL, NULL),
(1291, NULL, 2, 'Alfa Romeo P1', NULL, NULL),
(1292, NULL, 2, 'Alfa Romeo P2', NULL, NULL),
(1293, NULL, 2, 'Alfa Romeo P3', NULL, NULL),
(1294, NULL, 2, 'Alfa Romeo RL', NULL, NULL),
(1295, NULL, 2, 'Alfa Romeo RM', NULL, NULL),
(1296, NULL, 2, 'Alfa Romeo Romeo', NULL, NULL),
(1297, NULL, 2, 'Alfa Romeo Spider// (1966)', NULL, NULL),
(1298, NULL, 2, 'Alfa Romeo Sprint', NULL, NULL),
(1299, NULL, 2, 'Alfa Romeo Stelvio', NULL, NULL),
(1300, NULL, 2, 'Alfa Romeo SZ/RZ', NULL, NULL),
(1301, NULL, 4, 'Audi 50', NULL, NULL),
(1302, NULL, 4, 'Audi 80', NULL, NULL),
(1303, NULL, 4, 'Audi 100', NULL, NULL),
(1304, NULL, 4, 'Audi A1', NULL, NULL),
(1305, NULL, 4, 'Audi A2', NULL, NULL),
(1306, NULL, 4, 'Audi A4', NULL, NULL),
(1307, NULL, 4, 'Audi A5', NULL, NULL),
(1308, NULL, 4, 'Audi A6', NULL, NULL),
(1309, NULL, 4, 'Audi A6 allroad quattro', NULL, NULL),
(1310, NULL, 4, 'Audi A8', NULL, NULL),
(1311, NULL, 4, 'Audi 200', NULL, NULL),
(1312, NULL, 4, 'Audi A3', NULL, NULL),
(1313, NULL, 4, 'Audi A7', NULL, NULL),
(1314, NULL, 4, 'Audi Allroad Quattro Concept', NULL, NULL),
(1315, NULL, 4, 'Audi Avus Quattro', NULL, NULL),
(1316, NULL, 4, 'Audi Cross Cabriolet', NULL, NULL),
(1317, NULL, 4, 'Audi e-tron', NULL, NULL),
(1318, NULL, 4, 'SEAT Exeo', NULL, NULL),
(1319, NULL, 4, 'Audi F103', NULL, NULL),
(1320, NULL, 4, 'Audi Le Mans quattro', NULL, NULL),
(1321, NULL, 4, 'Audi Nuvolari', NULL, NULL),
(1322, NULL, 4, 'Audi Q2', NULL, NULL),
(1323, NULL, 4, 'Audi Q3', NULL, NULL),
(1324, NULL, 4, 'Audi Q5', NULL, NULL),
(1325, NULL, 4, 'Audi Q7', NULL, NULL),
(1326, NULL, 4, 'Audi Quattro', NULL, NULL),
(1327, NULL, 4, 'Audi Quattro Concept', NULL, NULL),
(1328, NULL, 4, 'Audi R8', NULL, NULL),
(1329, NULL, 4, 'Audi Roadjet', NULL, NULL),
(1330, NULL, 4, 'Audi RS 6', NULL, NULL),
(1331, NULL, 4, 'Audi RS2 Avant', NULL, NULL),
(1332, NULL, 4, 'Audi RSQ', NULL, NULL),
(1333, NULL, 4, 'Audi S1', NULL, NULL),
(1334, NULL, 4, 'Audi Shooting Brake', NULL, NULL),
(1335, NULL, 4, 'Audi Sportback concept', NULL, NULL),
(1336, NULL, 4, 'Audi SQ5', NULL, NULL),
(1337, NULL, 4, 'Audi TT', NULL, NULL),
(1338, NULL, 4, 'Audi Urban Concept', NULL, NULL),
(1339, NULL, 5, 'Bentley 3 Litros', NULL, NULL),
(1340, NULL, 5, 'Bentley 6.5 Litros', NULL, NULL),
(1341, NULL, 5, 'Bentley Arnage', NULL, NULL),
(1342, NULL, 5, 'Bentley Azure', NULL, NULL),
(1343, NULL, 5, 'Bentley Bentayga', NULL, NULL),
(1344, NULL, 5, 'Bentley 3.5 Litros', NULL, NULL),
(1345, NULL, 5, 'Bentley 4.5 Litros', NULL, NULL),
(1346, NULL, 5, 'Bentley Brooklands', NULL, NULL),
(1347, NULL, 5, 'Bentley Continental Flying Spur', NULL, NULL),
(1348, NULL, 5, 'Bentley Continental GT', NULL, NULL),
(1349, NULL, 5, 'Bentley Hunaudieres', NULL, NULL),
(1350, NULL, 5, 'Bentley Mulsanne', NULL, NULL),
(1351, NULL, 5, 'Bentley S2', NULL, NULL),
(1352, NULL, 5, 'Bentley S3', NULL, NULL),
(1353, NULL, 5, 'Bentley Speed 8', NULL, NULL),
(1354, NULL, 6, 'BMW Serie 1', NULL, NULL),
(1355, NULL, 6, 'BMW Serie 2', NULL, NULL),
(1356, NULL, 6, 'BMW Serie 2 Active Tourer', NULL, NULL),
(1357, NULL, 6, 'BMW Serie 3', NULL, NULL),
(1358, NULL, 6, 'BMW 3.0 CSL', NULL, NULL),
(1359, NULL, 6, 'BMW 3.0 CSL Hommage', NULL, NULL),
(1360, NULL, 6, 'BMW Serie 4', NULL, NULL),
(1361, NULL, 6, 'BMW Serie 5', NULL, NULL),
(1362, NULL, 6, 'BMW Serie 5 Gran Turismo', NULL, NULL),
(1363, NULL, 6, 'BMW Serie 6', NULL, NULL),
(1364, NULL, 6, 'BMW E65/E66', NULL, NULL),
(1365, NULL, 6, 'BMW Serie 7', NULL, NULL),
(1366, NULL, 6, 'BMW Serie 8', NULL, NULL),
(1367, NULL, 6, 'BMW 328', NULL, NULL),
(1368, NULL, 6, 'BMW 507', NULL, NULL),
(1369, NULL, 6, 'BMW 600', NULL, NULL),
(1370, NULL, 6, 'BMW 700', NULL, NULL),
(1371, NULL, 6, 'BMW CS', NULL, NULL),
(1372, NULL, 6, 'BMW F 76', NULL, NULL),
(1373, NULL, 6, 'BMW G30', NULL, NULL),
(1374, NULL, 6, 'Isetta', NULL, NULL),
(1375, NULL, 6, 'BMW M', NULL, NULL),
(1376, NULL, 6, 'BMW M1', NULL, NULL),
(1377, NULL, 6, 'BMW M3', NULL, NULL),
(1378, NULL, 6, 'BMW M5', NULL, NULL),
(1379, NULL, 6, 'BMW M6', NULL, NULL),
(1380, NULL, 6, 'BMW Nazca C2', NULL, NULL),
(1381, NULL, 6, 'BMW Turbo', NULL, NULL),
(1382, NULL, 6, 'BMW X1', NULL, NULL),
(1383, NULL, 6, 'BMW X2', NULL, NULL),
(1384, NULL, 6, 'BMW X3', NULL, NULL),
(1385, NULL, 6, 'BMW X5', NULL, NULL),
(1386, NULL, 6, 'BMW X6', NULL, NULL),
(1387, NULL, 6, 'BMW X7', NULL, NULL),
(1388, NULL, 6, 'BMW Z1', NULL, NULL),
(1389, NULL, 6, 'BMW Z2', NULL, NULL),
(1390, NULL, 6, 'BMW Z3', NULL, NULL),
(1391, NULL, 6, 'BMW Z4', NULL, NULL),
(1392, NULL, 6, 'BMW Z4 M', NULL, NULL),
(1393, NULL, 6, 'BMW Z8', NULL, NULL),
(1394, NULL, 7, 'Cadillac Allante', NULL, NULL),
(1395, NULL, 7, 'Cadillac ATS', NULL, NULL),
(1396, NULL, 7, 'Cadillac BLS', NULL, NULL),
(1397, NULL, 7, 'Cadillac Calais', NULL, NULL),
(1398, NULL, 7, 'Cadillac Catera', NULL, NULL),
(1399, NULL, 7, 'Cadillac Cimarron', NULL, NULL),
(1400, NULL, 7, 'Cadillac Cien', NULL, NULL),
(1401, NULL, 7, 'Cadillac Catera', NULL, NULL),
(1402, NULL, 7, 'Cadillac CT6', NULL, NULL),
(1403, NULL, 7, 'Cadillac CTS', NULL, NULL),
(1404, NULL, 7, 'Cadillac DeVille', NULL, NULL),
(1405, NULL, 7, 'Cadillac DTS', NULL, NULL),
(1406, NULL, 7, 'Cadillac Eldorado', NULL, NULL),
(1407, NULL, 7, 'Cadillac Brougham', NULL, NULL),
(1408, NULL, 7, 'Cadillac ELR', NULL, NULL),
(1409, NULL, 7, 'Cadillac Escalade', NULL, NULL),
(1410, NULL, 7, 'Cadillac Evoq', NULL, NULL),
(1411, NULL, 7, 'Cadillac Fleetwood', NULL, NULL),
(1412, NULL, 7, 'Limusina presidencial (Estados Unidos)', NULL, NULL),
(1413, NULL, 7, 'Cadillac Northstar LMP', NULL, NULL),
(1414, NULL, 7, 'Cadillac Sixty Special', NULL, NULL),
(1415, NULL, 7, 'Cadillac Seville', NULL, NULL),
(1416, NULL, 7, 'Cadillac SRX', NULL, NULL),
(1417, NULL, 7, 'Cadillac STS', NULL, NULL),
(1418, NULL, 7, 'Cadillac Type 51', NULL, NULL),
(1419, NULL, 7, 'Cadillac V-Series', NULL, NULL),
(1420, NULL, 7, 'Cadillac XT4', NULL, NULL),
(1421, NULL, 7, 'Cadillac XLR', NULL, NULL),
(1422, NULL, 7, 'Cadillac XT5', NULL, NULL),
(1423, NULL, 7, 'Cadillac XTS', NULL, NULL),
(1424, NULL, 8, 'Chevrolet 490', NULL, NULL),
(1425, NULL, 8, 'Chevrolet', NULL, NULL),
(1426, NULL, 8, 'Chevrolet Agile', NULL, NULL),
(1427, NULL, 8, 'Chevrolet Astra', NULL, NULL),
(1428, NULL, 8, 'Chevrolet Astro', NULL, NULL),
(1429, NULL, 8, 'Chevrolet Aveo', NULL, NULL),
(1430, NULL, 8, 'Chevrolet Bel Air', NULL, NULL),
(1431, NULL, 8, 'Chevrolet Beretta', NULL, NULL),
(1432, NULL, 8, 'Chevrolet Blazer', NULL, NULL),
(1433, NULL, 8, 'Chevrolet Bolt', NULL, NULL),
(1434, NULL, 8, 'Chevrolet C-10', NULL, NULL),
(1435, NULL, 8, 'Chevrolet Calibra', NULL, NULL),
(1436, NULL, 8, 'Chevrolet Camaro', NULL, NULL),
(1437, NULL, 8, 'Chevrolet Captiva', NULL, NULL),
(1438, NULL, 8, 'Chevrolet Celebrity', NULL, NULL),
(1439, NULL, 8, 'Chevrolet Celta', NULL, NULL),
(1440, NULL, 8, 'Chevrolet Chevette', NULL, NULL),
(1441, NULL, 8, 'Chevrolet Caprice', NULL, NULL),
(1442, NULL, 8, 'Chevrolet Cavalier', NULL, NULL),
(1443, NULL, 8, 'Chevrolet Chevelle', NULL, NULL),
(1444, NULL, 8, 'Chevrolet Chevy', NULL, NULL),
(1445, NULL, 8, 'Chevrolet Cheyenne', NULL, NULL),
(1446, NULL, 8, 'Chevrolet Combo', NULL, NULL),
(1447, NULL, 8, 'Chevrolet Corsa', NULL, NULL),
(1448, NULL, 8, 'Chevrolet Corvette (C4)', NULL, NULL),
(1449, NULL, 8, 'Chevrolet Corvette C7', NULL, NULL),
(1450, NULL, 8, 'Chevrolet Master', NULL, NULL),
(1451, NULL, 8, 'Chevrolet Chevy 500', NULL, NULL),
(1452, NULL, 8, 'Chevrolet Citation IV', NULL, NULL),
(1453, NULL, 8, 'Chevrolet Classic', NULL, NULL),
(1454, NULL, 8, 'Chevrolet Cobalt', NULL, NULL),
(1455, NULL, 8, 'Chevrolet Cobalt (Brasileno)', NULL, NULL),
(1456, NULL, 8, 'Chevrolet Colorado', NULL, NULL),
(1457, NULL, 8, 'Chevrolet Corvair', NULL, NULL),
(1458, NULL, 8, 'Chevrolet Corvette', NULL, NULL),
(1459, NULL, 8, 'Chevrolet Cruze', NULL, NULL),
(1460, NULL, 8, 'Chevrolet D-20', NULL, NULL),
(1461, NULL, 8, 'Chevrolet Equinox', NULL, NULL),
(1462, NULL, 8, 'Chevrolet Fleetline', NULL, NULL),
(1463, NULL, 8, 'Chevrolet Impala', NULL, NULL),
(1464, NULL, 8, 'Isuzu Serie N', NULL, NULL),
(1465, NULL, 8, 'Chevrolet Kadett', NULL, NULL),
(1466, NULL, 8, 'Chevrolet Lumina', NULL, NULL),
(1467, NULL, 8, 'Chevrolet Lumina APV', NULL, NULL),
(1468, NULL, 8, 'Chevrolet LUV', NULL, NULL),
(1469, NULL, 8, 'Isuzu D-Max', NULL, NULL),
(1470, NULL, 8, 'Isuzu i-Series', NULL, NULL),
(1471, NULL, 8, 'Chevrolet Malibu', NULL, NULL),
(1472, NULL, 8, 'Chevrolet Marajo', NULL, NULL),
(1473, NULL, 8, 'Chevrolet Matiz', NULL, NULL),
(1474, NULL, 8, 'Chevrolet Meriva', NULL, NULL),
(1475, NULL, 8, 'Minivan U (General Motors)', NULL, NULL),
(1476, NULL, 8, 'Chevrolet Montana', NULL, NULL),
(1477, NULL, 8, 'Chevrolet Monte Carlo', NULL, NULL),
(1478, NULL, 8, 'Chevrolet Monza', NULL, NULL),
(1479, NULL, 8, 'Chevrolet N300', NULL, NULL),
(1480, NULL, 8, 'Chevrolet Niva/VAZ-2123', NULL, NULL),
(1481, NULL, 8, 'Chevrolet Chevy II / Nova', NULL, NULL),
(1482, NULL, 8, 'Chevrolet Nuevo Aveo / Sonic', NULL, NULL),
(1483, NULL, 8, 'Chevrolet Omega', NULL, NULL),
(1484, NULL, 8, 'Opel Omega', NULL, NULL),
(1485, NULL, 8, 'Chevrolet Omega Suprema', NULL, NULL),
(1486, NULL, 8, 'Chevrolet Onix', NULL, NULL),
(1487, NULL, 8, 'Chevrolet Opala', NULL, NULL),
(1488, NULL, 8, 'Chevrolet Optra', NULL, NULL),
(1489, NULL, 8, 'Chevrolet Orlando', NULL, NULL),
(1490, NULL, 8, 'Chevrolet Prisma', NULL, NULL),
(1491, NULL, 8, 'Prototipo Chevrolet (Turismo Carretera)', NULL, NULL),
(1492, NULL, 8, 'Chevrolet Rezzo', NULL, NULL),
(1493, NULL, 8, 'Isuzu Rodeo', NULL, NULL),
(1494, NULL, 8, 'Chevrolet S-10', NULL, NULL),
(1495, NULL, 8, 'Chevrolet Sail', NULL, NULL),
(1496, NULL, 8, 'Isuzu Forward', NULL, NULL),
(1497, NULL, 8, 'Chevrolet Silverado', NULL, NULL),
(1498, NULL, 8, 'Chevrolet Sonic', NULL, NULL),
(1499, NULL, 8, 'Chevrolet Spark', NULL, NULL),
(1500, NULL, 8, 'Chevrolet Spin', NULL, NULL),
(1501, NULL, 8, 'Suzuki Swift', NULL, NULL),
(1502, NULL, 8, 'Chevrolet SS', NULL, NULL),
(1503, NULL, 8, 'Chevrolet SSR', NULL, NULL),
(1504, NULL, 8, 'Chevrolet Suburban', NULL, NULL),
(1505, NULL, 8, 'Chevrolet Suprema', NULL, NULL),
(1506, NULL, 8, 'Chevrolet Tahoe', NULL, NULL),
(1507, NULL, 8, 'Chevrolet Tigra', NULL, NULL),
(1508, NULL, 8, 'Chevrolet Tornado', NULL, NULL),
(1509, NULL, 8, 'Chevrolet TrailBlazer', NULL, NULL),
(1510, NULL, 8, 'Chevrolet Traverse', NULL, NULL),
(1511, NULL, 8, 'Chevrolet Trax', NULL, NULL),
(1512, NULL, 8, 'Chevrolet WTCC Ultra', NULL, NULL),
(1513, NULL, 8, 'Chevrolet Van', NULL, NULL),
(1514, NULL, 8, 'Chevrolet Vectra', NULL, NULL),
(1515, NULL, 8, 'Chevrolet Venture', NULL, NULL),
(1516, NULL, 8, 'Chevrolet Vivant', NULL, NULL),
(1517, NULL, 8, 'Chevrolet Volt', NULL, NULL),
(1518, NULL, 8, 'Chevrolet Zafira', NULL, NULL),
(1519, NULL, 9, 'Citroen 2CV', NULL, NULL),
(1520, NULL, 9, 'Citroen Acadiane', NULL, NULL),
(1521, NULL, 9, 'Citroen Ami', NULL, NULL),
(1522, NULL, 9, 'Citroen AX', NULL, NULL),
(1523, NULL, 9, 'Citroen Axel', NULL, NULL),
(1524, NULL, 9, 'Furgoneta pequena PSA', NULL, NULL),
(1525, NULL, 9, 'Citroen BX', NULL, NULL),
(1526, NULL, 9, 'Citroen C-Airplay', NULL, NULL),
(1527, NULL, 9, 'Citroen C-Buggy', NULL, NULL),
(1528, NULL, 9, 'Citroen C-Crosser', NULL, NULL),
(1529, NULL, 9, 'Citroen C-Metisse', NULL, NULL),
(1530, NULL, 9, 'Citroen C1', NULL, NULL),
(1531, NULL, 9, 'Citroen C2', NULL, NULL),
(1532, NULL, 9, 'Citroen C3', NULL, NULL),
(1533, NULL, 9, 'Citroen C3 Aircross', NULL, NULL),
(1534, NULL, 9, 'Citroen C3 Picasso', NULL, NULL),
(1535, NULL, 9, 'Citroen C4', NULL, NULL),
(1536, NULL, 9, 'Citroen C4 Aircross', NULL, NULL),
(1537, NULL, 9, 'Citroen C4 Cactus', NULL, NULL),
(1538, NULL, 9, 'Citroen C4 Picasso', NULL, NULL),
(1539, NULL, 9, 'Citroen C4 SpaceTourer', NULL, NULL),
(1540, NULL, 9, 'Citroen C5', NULL, NULL),
(1541, NULL, 9, 'Citroen C5 Aircross', NULL, NULL),
(1542, NULL, 9, 'Citroen C6', NULL, NULL),
(1543, NULL, 9, 'Citroen C6 (China)', NULL, NULL),
(1544, NULL, 9, 'Citroen C8', NULL, NULL),
(1545, NULL, 9, 'Citroen C15', NULL, NULL),
(1546, NULL, 9, 'Citroen C35', NULL, NULL),
(1547, NULL, 9, 'Citroen C-SportLounge', NULL, NULL),
(1548, NULL, 9, 'Citroen CX', NULL, NULL),
(1549, NULL, 9, 'Citroen-Kegresse', NULL, NULL),
(1550, NULL, 9, 'Citycar (PSA/Toyota)', NULL, NULL),
(1551, NULL, 9, 'Citroen DS', NULL, NULL),
(1552, NULL, 9, 'DS3', NULL, NULL),
(1553, NULL, 9, 'DS4', NULL, NULL),
(1554, NULL, 9, 'DS5', NULL, NULL),
(1555, NULL, 9, 'Citroen Dyane', NULL, NULL),
(1556, NULL, 9, 'Citroen Eco 2000', NULL, NULL),
(1557, NULL, 9, 'Citroen Elysee', NULL, NULL),
(1558, NULL, 9, 'Citroen Evasion', NULL, NULL),
(1559, NULL, 9, 'Citroen GS', NULL, NULL),
(1560, NULL, 9, 'GT by Citroen', NULL, NULL),
(1561, NULL, 9, 'Citroen H', NULL, NULL),
(1562, NULL, 9, 'Citroen Hypnos', NULL, NULL),
(1563, NULL, 9, 'Citroen Jumper', NULL, NULL),
(1564, NULL, 9, 'Citroen Jumpy', NULL, NULL),
(1565, NULL, 9, 'Citroen Lacoste', NULL, NULL),
(1566, NULL, 9, 'Citroen LNA', NULL, NULL),
(1567, NULL, 9, 'Citroen Mehari', NULL, NULL),
(1568, NULL, 9, 'Citroen Nemo', NULL, NULL),
(1569, NULL, 9, 'Citroen Revolte', NULL, NULL),
(1570, NULL, 9, 'Citroen Rosalie', NULL, NULL),
(1571, NULL, 9, 'Citroen Saxo', NULL, NULL),
(1572, NULL, 9, 'Citroen SM', NULL, NULL),
(1573, NULL, 9, 'Citroen Survolt', NULL, NULL),
(1574, NULL, 9, 'Citroen Traction Avant', NULL, NULL),
(1575, NULL, 9, 'Citroen Visa', NULL, NULL),
(1576, NULL, 9, 'Citroen Xantia', NULL, NULL),
(1577, NULL, 9, 'Citroen XM', NULL, NULL),
(1578, NULL, 9, 'Citroen Xsara', NULL, NULL),
(1579, NULL, 9, 'Citroen Xsara Picasso', NULL, NULL),
(1580, NULL, 9, 'Citroen Zabrus', NULL, NULL),
(1581, NULL, 9, 'Citroen ZX', NULL, NULL),
(1582, NULL, 10, 'Dacia 1100', NULL, NULL),
(1583, NULL, 10, 'Dacia 1300', NULL, NULL),
(1584, NULL, 10, 'ARO 10', NULL, NULL),
(1585, NULL, 10, 'Dacia Dokker', NULL, NULL),
(1586, NULL, 10, 'Dacia Duster', NULL, NULL),
(1587, NULL, 10, 'Dacia Lodgy', NULL, NULL),
(1588, NULL, 10, 'Dacia Logan', NULL, NULL),
(1589, NULL, 10, 'Mahindra-Renault Verito', NULL, NULL),
(1590, NULL, 10, 'Dacia Nova', NULL, NULL),
(1591, NULL, 10, 'Renault Tondar 90', NULL, NULL),
(1592, NULL, 10, 'Dacia Sandero', NULL, NULL),
(1593, NULL, 10, 'Dacia Sandero Stepway', NULL, NULL),
(1594, NULL, 10, 'Dacia Solenza', NULL, NULL),
(1595, NULL, 10, 'Dacia SuperNova', NULL, NULL),
(1596, NULL, 11, 'Daewoo Arcadia', NULL, NULL),
(1597, NULL, 11, 'Daewoo Bucrane', NULL, NULL),
(1598, NULL, 11, 'Daewoo Cielo', NULL, NULL),
(1599, NULL, 11, 'Daewoo Espero', NULL, NULL),
(1600, NULL, 11, 'Daewoo Gentra', NULL, NULL),
(1601, NULL, 11, 'GM Korea', NULL, NULL),
(1602, NULL, 11, 'Daewoo Kalos', NULL, NULL),
(1603, NULL, 11, 'Daewoo Lanos', NULL, NULL),
(1604, NULL, 11, 'Daewoo Le Mans', NULL, NULL),
(1605, NULL, 11, 'Daewoo Maepsy', NULL, NULL),
(1606, NULL, 11, 'Daewoo Magnus', NULL, NULL),
(1607, NULL, 11, 'Chevrolet Spark', NULL, NULL),
(1608, NULL, 11, 'Daewoo Nexia', NULL, NULL),
(1609, NULL, 11, 'Daewoo Nubira', NULL, NULL),
(1610, NULL, 11, 'Daewoo Racer', NULL, NULL),
(1611, NULL, 11, 'Daewoo Racer/Cielo', NULL, NULL),
(1612, NULL, 11, 'Daewoo Rezzo', NULL, NULL),
(1613, NULL, 11, 'Daewoo Royale', NULL, NULL),
(1614, NULL, 11, 'Daewoo Tacuma', NULL, NULL),
(1615, NULL, 11, 'Daewoo Tico', NULL, NULL),
(1616, NULL, 11, 'Daewoo Tosca', NULL, NULL),
(1617, NULL, 11, 'Daewoo Vivant', NULL, NULL),
(1618, NULL, 11, 'Daewoo Winstorm', NULL, NULL),
(1619, NULL, 12, 'Daihatsu Altis', NULL, NULL),
(1620, NULL, 12, 'Daihatsu Applause', NULL, NULL),
(1621, NULL, 12, 'Daihatsu Boon', NULL, NULL),
(1622, NULL, 12, 'Daihatsu Charade', NULL, NULL),
(1623, NULL, 12, 'Daihatsu Coo', NULL, NULL),
(1624, NULL, 12, 'Daihatsu Copen', NULL, NULL),
(1625, NULL, 12, 'Daihatsu Cuore', NULL, NULL),
(1626, NULL, 12, 'K3-VE', NULL, NULL),
(1627, NULL, 12, 'Daihatsu Materia', NULL, NULL),
(1628, NULL, 12, 'Daihatsu Midget', NULL, NULL),
(1629, NULL, 12, 'Daihatsu Mira', NULL, NULL),
(1630, NULL, 12, 'Daihatsu Move', NULL, NULL),
(1631, NULL, 12, 'Daihatsu Sirion', NULL, NULL),
(1632, NULL, 12, 'Daihatsu Terios', NULL, NULL),
(1633, NULL, 13, 'Datsun redi-GO', NULL, NULL),
(1634, NULL, 13, 'Datsun GO', NULL, NULL),
(1635, NULL, 13, 'Datsun GO+', NULL, NULL),
(1636, NULL, 13, 'Datsun ON-DO', NULL, NULL),
(1637, NULL, 13, 'Datsun MI-DO', NULL, NULL),
(1638, NULL, 13, 'Datsun 120', NULL, NULL),
(1639, NULL, 13, 'Datsun Cross', NULL, NULL),
(1640, NULL, 14, 'Dodge 400', NULL, NULL),
(1641, NULL, 14, 'Dodge 600', NULL, NULL),
(1642, NULL, 14, 'Dodge 1500', NULL, NULL),
(1643, NULL, 14, 'Dodge 3700', NULL, NULL),
(1644, NULL, 14, 'Dodge Aries', NULL, NULL),
(1645, NULL, 14, 'Dodge Aspen', NULL, NULL),
(1646, NULL, 14, 'Dodge Attitude', NULL, NULL),
(1647, NULL, 14, 'Dodge Avenger', NULL, NULL),
(1648, NULL, 14, 'Dodge Caliber', NULL, NULL),
(1649, NULL, 14, 'Dodge Caravan', NULL, NULL),
(1650, NULL, 14, 'Dodge Challenger', NULL, NULL),
(1651, NULL, 14, 'Dodge Charger', NULL, NULL),
(1652, NULL, 14, 'Dodge Charger (B-body)', NULL, NULL),
(1653, NULL, 14, 'Dodge Charger (LX)', NULL, NULL),
(1654, NULL, 14, 'Dodge Cherokee', NULL, NULL),
(1655, NULL, 14, 'Dodge Colt', NULL, NULL),
(1656, NULL, 14, 'Dodge Coronado', NULL, NULL),
(1657, NULL, 14, 'Dodge Coronet', NULL, NULL),
(1658, NULL, 14, 'Dodge D Series', NULL, NULL),
(1659, NULL, 14, 'Dodge Dart', NULL, NULL),
(1660, NULL, 14, 'Dodge Dart GT', NULL, NULL),
(1661, NULL, 14, 'Dodge Dakota', NULL, NULL),
(1662, NULL, 14, 'Dodge Daytona', NULL, NULL),
(1663, NULL, 14, 'Dodge Diplomat', NULL, NULL),
(1664, NULL, 14, 'Dodge Durango', NULL, NULL),
(1665, NULL, 14, 'Dodge Dynasty', NULL, NULL),
(1666, NULL, 14, 'Dodge GTX', NULL, NULL),
(1667, NULL, 14, 'Dodge Intrepid', NULL, NULL),
(1668, NULL, 14, 'Dodge Journey', NULL, NULL),
(1669, NULL, 14, 'Dodge Lancer', NULL, NULL),
(1670, NULL, 14, 'Dodge Magnum', NULL, NULL),
(1671, NULL, 14, 'Dodge Mirada', NULL, NULL),
(1672, NULL, 14, 'Dodge Monaco', NULL, NULL),
(1673, NULL, 14, 'Dodge Neon SRT-4', NULL, NULL),
(1674, NULL, 14, 'Dodge Nitro', NULL, NULL),
(1675, NULL, 14, 'Dodge Omni', NULL, NULL),
(1676, NULL, 14, 'Dodge Polara', NULL, NULL),
(1677, NULL, 14, 'Dodge Ram SRT 10', NULL, NULL),
(1678, NULL, 14, 'Dodge Ramcharger', NULL, NULL),
(1679, NULL, 14, 'Ram Pickup', NULL, NULL),
(1680, NULL, 14, 'Dodge Spirit', NULL, NULL),
(1681, NULL, 14, 'Dodge Stratus', NULL, NULL),
(1682, NULL, 14, 'Dodge Super Bee', NULL, NULL),
(1683, NULL, 14, 'Dodge Viper', NULL, NULL),
(1684, NULL, 15, 'Ferrari 250', NULL, NULL),
(1685, NULL, 15, 'Ferrari 250 GT Berlinetta', NULL, NULL),
(1686, NULL, 15, 'Ferrari 250 GTO', NULL, NULL),
(1687, NULL, 15, 'Ferrari 288 GTO', NULL, NULL),
(1688, NULL, 15, 'Ferrari 308 GTB', NULL, NULL),
(1689, NULL, 15, 'Ferrari 328', NULL, NULL),
(1690, NULL, 15, 'Ferrari 333 SP', NULL, NULL),
(1691, NULL, 15, 'Ferrari 348', NULL, NULL),
(1692, NULL, 15, 'Ferrari 360', NULL, NULL),
(1693, NULL, 15, 'Ferrari 365 GT4 2+2', NULL, NULL),
(1694, NULL, 15, 'Ferrari 400', NULL, NULL),
(1695, NULL, 15, 'Ferrari 456', NULL, NULL),
(1696, NULL, 15, 'Ferrari 458 Italia', NULL, NULL),
(1697, NULL, 15, 'Ferrari 458 Speciale', NULL, NULL),
(1698, NULL, 15, 'Ferrari 488', NULL, NULL),
(1699, NULL, 15, 'Ferrari 550', NULL, NULL),
(1700, NULL, 15, 'Ferrari 575M Maranello', NULL, NULL),
(1701, NULL, 15, 'Ferrari 599 GTB Fiorano', NULL, NULL),
(1702, NULL, 15, 'Ferrari 612 Scaglietti', NULL, NULL),
(1703, NULL, 15, 'Ferrari 637', NULL, NULL),
(1704, NULL, 15, 'Ferrari 812 Superfast', NULL, NULL),
(1705, NULL, 15, 'Ferrari California', NULL, NULL),
(1706, NULL, 15, 'Ferrari Daytona', NULL, NULL),
(1707, NULL, 15, 'Ferrari Dino', NULL, NULL),
(1708, NULL, 15, 'Ferrari Enzo', NULL, NULL),
(1709, NULL, 15, 'Ferrari F12berlinetta', NULL, NULL),
(1710, NULL, 15, 'Ferrari F12 TRS', NULL, NULL),
(1711, NULL, 15, 'Ferrari F12tdf', NULL, NULL),
(1712, NULL, 15, 'Ferrari F40', NULL, NULL),
(1713, NULL, 15, 'Ferrari F50', NULL, NULL),
(1714, NULL, 15, 'Ferrari F355', NULL, NULL),
(1715, NULL, 15, 'Ferrari F430', NULL, NULL),
(1716, NULL, 15, 'Ferrari F80 Concept', NULL, NULL),
(1717, NULL, 15, 'Ferrari F154', NULL, NULL),
(1718, NULL, 15, 'Ferrari F430 Challenge', NULL, NULL),
(1719, NULL, 15, 'Ferrari FF', NULL, NULL),
(1720, NULL, 15, 'Ferrari FX', NULL, NULL),
(1721, NULL, 15, 'Ferrari FXX', NULL, NULL),
(1722, NULL, 15, 'Ferrari GTC4Lusso', NULL, NULL),
(1723, NULL, 15, 'Ferrari LaFerrari', NULL, NULL),
(1724, NULL, 15, 'Ferrari Mythos', NULL, NULL),
(1725, NULL, 15, 'Ferrari P4/5', NULL, NULL),
(1726, NULL, 15, 'Ferrari Portofino', NULL, NULL),
(1727, NULL, 15, 'Ferrari SP', NULL, NULL),
(1728, NULL, 15, 'Ferrari Testarossa', NULL, NULL),
(1729, NULL, 15, 'Ferrari TR', NULL, NULL),
(1730, NULL, 16, 'Fiat 2B', NULL, NULL),
(1731, NULL, 16, 'Fiat 3 HP', NULL, NULL),
(1732, NULL, 16, 'Fiat 6-8 HP', NULL, NULL),
(1733, NULL, 16, 'Fiat 8 HP', NULL, NULL),
(1734, NULL, 16, 'Fiat 10 HP', NULL, NULL),
(1735, NULL, 16, 'Fiat 12 HP', NULL, NULL),
(1736, NULL, 16, 'Fiat 24-32 HP', NULL, NULL),
(1737, NULL, 16, 'Fiat 50 HP', NULL, NULL),
(1738, NULL, 16, 'Fiat 60 HP', NULL, NULL),
(1739, NULL, 16, 'Fiat 70', NULL, NULL),
(1740, NULL, 16, 'Fiat 124', NULL, NULL),
(1741, NULL, 16, 'Fiat 124 Spider', NULL, NULL),
(1742, NULL, 16, 'Fiat 125', NULL, NULL),
(1743, NULL, 16, 'Fiat 125 Mirafiori', NULL, NULL),
(1744, NULL, 16, 'Fiat 125 Centurion', NULL, NULL),
(1745, NULL, 16, 'Fiat 126', NULL, NULL),
(1746, NULL, 16, 'Fiat 127', NULL, NULL),
(1747, NULL, 16, 'Fiat 128', NULL, NULL),
(1748, NULL, 16, 'Fiat 130', NULL, NULL),
(1749, NULL, 16, 'Fiat 131', NULL, NULL),
(1750, NULL, 16, 'Fiat 133', NULL, NULL),
(1751, NULL, 16, 'Fiat 147', NULL, NULL),
(1752, NULL, 16, 'Fiat 242', NULL, NULL),
(1753, NULL, 16, 'Fiat 500', NULL, NULL),
(1754, NULL, 16, 'Fiat 500C', NULL, NULL),
(1755, NULL, 16, 'Fiat 500e', NULL, NULL),
(1756, NULL, 16, 'Fiat 500L', NULL, NULL),
(1757, NULL, 16, 'Fiat 500X', NULL, NULL),
(1758, NULL, 16, 'Fiat 501', NULL, NULL),
(1759, NULL, 16, 'Fiat 502', NULL, NULL),
(1760, NULL, 16, 'Fiat 503', NULL, NULL),
(1761, NULL, 16, 'Fiat 507', NULL, NULL),
(1762, NULL, 16, 'Fiat 508', NULL, NULL),
(1763, NULL, 16, 'Fiat 510', NULL, NULL),
(1764, NULL, 16, 'Fiat 512', NULL, NULL),
(1765, NULL, 16, 'Fiat 514', NULL, NULL),
(1766, NULL, 16, 'Fiat 515', NULL, NULL),
(1767, NULL, 16, 'Fiat 525', NULL, NULL),
(1768, NULL, 16, 'Fiat 600', NULL, NULL),
(1769, NULL, 16, 'Fiat 615', NULL, NULL),
(1770, NULL, 16, 'Fiat 850', NULL, NULL),
(1771, NULL, 16, 'Fiat 1100', NULL, NULL),
(1772, NULL, 16, 'Fiat 1300/1500', NULL, NULL),
(1773, NULL, 16, 'Fiat 1400/1900', NULL, NULL),
(1774, NULL, 16, 'Fiat 1600', NULL, NULL),
(1775, NULL, 16, 'Fiat 1800/2100', NULL, NULL),
(1776, NULL, 16, 'Fiat Albea', NULL, NULL),
(1777, NULL, 16, 'Fiat Argo', NULL, NULL),
(1778, NULL, 16, 'Fiat Barchetta', NULL, NULL),
(1779, NULL, 16, 'Fiat Bravo/Brava', NULL, NULL),
(1780, NULL, 16, 'Fiat Cinquecento', NULL, NULL),
(1781, NULL, 16, 'Fiat Coupe', NULL, NULL),
(1782, NULL, 16, 'Fiat Croma', NULL, NULL),
(1783, NULL, 16, 'Fiat Cronos', NULL, NULL),
(1784, NULL, 16, 'Fiat Doblo', NULL, NULL),
(1785, NULL, 16, 'Fiat Duna', NULL, NULL),
(1786, NULL, 16, 'Fiat Elba', NULL, NULL),
(1787, NULL, 16, 'Fiat Fullback', NULL, NULL),
(1788, NULL, 16, 'Fiat Freemont', NULL, NULL),
(1789, NULL, 16, 'Fiat Grande Punto', NULL, NULL),
(1790, NULL, 16, 'Fiat Idea', NULL, NULL),
(1791, NULL, 16, 'Fiat Linea', NULL, NULL),
(1792, NULL, 16, 'Fiat Linea TRV6', NULL, NULL),
(1793, NULL, 16, 'Fiat Mobi', NULL, NULL),
(1794, NULL, 16, 'Fiat Multipla', NULL, NULL),
(1795, NULL, 16, 'Fiat Oggi', NULL, NULL),
(1796, NULL, 16, 'Fiat Ottimo', NULL, NULL),
(1797, NULL, 16, 'Fiat Palio', NULL, NULL),
(1798, NULL, 16, 'Fiat Palio Weekend', NULL, NULL),
(1799, NULL, 16, 'Fiat Panda', NULL, NULL),
(1800, NULL, 16, 'Fiat Pininfarina Coupe y Cabriolet', NULL, NULL),
(1801, NULL, 16, 'Fiat Premio', NULL, NULL),
(1802, NULL, 16, 'Fiat Punto', NULL, NULL),
(1803, NULL, 16, 'Fiat Qubo', NULL, NULL),
(1804, NULL, 16, 'Fiat Regata', NULL, NULL),
(1805, NULL, 16, 'Fiat Ritmo', NULL, NULL),
(1806, NULL, 16, 'Fiat Sedici', NULL, NULL),
(1807, NULL, 16, 'Fiat Seicento', NULL, NULL),
(1808, NULL, 16, 'Fiat Siena', NULL, NULL),
(1809, NULL, 16, 'Fiat Stilo', NULL, NULL),
(1810, NULL, 16, 'Fiat Strada', NULL, NULL),
(1811, NULL, 16, 'Fiat Tempra', NULL, NULL),
(1812, NULL, 16, 'Fiat Tipo', NULL, NULL),
(1813, NULL, 16, 'Fiat Toro', NULL, NULL),
(1814, NULL, 16, 'Fiat Ulysse', NULL, NULL),
(1815, NULL, 16, 'Fiat Uno', NULL, NULL),
(1816, NULL, 16, 'Fiat 1500 Coupe Vignale', NULL, NULL),
(1817, NULL, 16, 'Fiat Viaggio', NULL, NULL),
(1818, NULL, 16, 'Fiat Weekend', NULL, NULL),
(1819, NULL, 16, 'Fiat X1/9', NULL, NULL),
(1820, NULL, 16, 'Fiat Zero', NULL, NULL),
(1821, NULL, 17, 'Ford 7Y', NULL, NULL),
(1822, NULL, 17, 'Ford 48', NULL, NULL),
(1823, NULL, 17, 'Ford 999', NULL, NULL),
(1824, NULL, 17, 'Ford 1937', NULL, NULL),
(1825, NULL, 17, 'Ford 1941', NULL, NULL),
(1826, NULL, 17, 'Ford 1949', NULL, NULL),
(1827, NULL, 17, 'Ford 1952', NULL, NULL),
(1828, NULL, 17, 'Ford 1955', NULL, NULL),
(1829, NULL, 17, 'Ford 1957', NULL, NULL),
(1830, NULL, 17, 'Ford 1960', NULL, NULL),
(1831, NULL, 17, 'Ford A', NULL, NULL),
(1832, NULL, 17, 'Ford Aerostar', NULL, NULL),
(1833, NULL, 17, 'Ford Anglia', NULL, NULL),
(1834, NULL, 17, 'Ford B', NULL, NULL),
(1835, NULL, 17, 'Baufer Ford F-100', NULL, NULL),
(1836, NULL, 17, 'Ford Belina', NULL, NULL),
(1837, NULL, 17, 'Ford B-Max', NULL, NULL),
(1838, NULL, 17, 'Ford Bronco', NULL, NULL),
(1839, NULL, 17, 'Ford C', NULL, NULL),
(1840, NULL, 17, 'Ford C (1904)', NULL, NULL),
(1841, NULL, 17, 'Ford C-Max Energi', NULL, NULL),
(1842, NULL, 17, 'Ford Capri', NULL, NULL),
(1843, NULL, 17, 'Ford Consul Capri', NULL, NULL),
(1844, NULL, 17, 'Ford C-Max', NULL, NULL),
(1845, NULL, 17, 'Ford Contour', NULL, NULL),
(1846, NULL, 17, 'Ford Corcel', NULL, NULL),
(1847, NULL, 17, 'Ford Cougar (Europa)', NULL, NULL),
(1848, NULL, 17, 'Ford Courier', NULL, NULL),
(1849, NULL, 17, 'Ford Crown Victoria', NULL, NULL),
(1850, NULL, 17, 'Cuadriciclo Ford', NULL, NULL),
(1851, NULL, 17, 'Ford Del Rey', NULL, NULL),
(1852, NULL, 17, 'Ford Expedition', NULL, NULL),
(1853, NULL, 17, 'Ford EcoSport', NULL, NULL),
(1854, NULL, 17, 'Ford Edge', NULL, NULL),
(1855, NULL, 17, 'Ford Edsel', NULL, NULL),
(1856, NULL, 17, 'Ford Eifel', NULL, NULL),
(1857, NULL, 17, 'Ford Escape', NULL, NULL),
(1858, NULL, 17, 'Ford Escort', NULL, NULL),
(1859, NULL, 17, 'Ford Escort (America del Norte)', NULL, NULL),
(1860, NULL, 17, 'Ford EXP', NULL, NULL),
(1861, NULL, 17, 'Ford F-100', NULL, NULL),
(1862, NULL, 17, 'Ford F-150', NULL, NULL),
(1863, NULL, 17, 'Ford F-1000', NULL, NULL),
(1864, NULL, 17, 'Ford Fairlane (Argentina)', NULL, NULL),
(1865, NULL, 17, 'Ford Fairmont', NULL, NULL),
(1866, NULL, 17, 'Ford Falcon (Estados Unidos)', NULL, NULL),
(1867, NULL, 17, 'Ford Fiesta', NULL, NULL),
(1868, NULL, 17, 'Ford Five Hundred', NULL, NULL),
(1869, NULL, 17, 'Ford Focus', NULL, NULL),
(1870, NULL, 17, 'Ford F', NULL, NULL),
(1871, NULL, 17, 'Ford Festiva', NULL, NULL),
(1872, NULL, 17, 'Ford Figo', NULL, NULL),
(1873, NULL, 17, 'Ford Flex', NULL, NULL),
(1874, NULL, 17, 'Ford Fusion (Europa)', NULL, NULL),
(1875, NULL, 17, 'Ford Forty-Nine', NULL, NULL),
(1876, NULL, 17, 'Ford Fusion Hybrid', NULL, NULL),
(1877, NULL, 17, 'Ford Galaxie', NULL, NULL),
(1878, NULL, 17, 'Ford Galaxy', NULL, NULL),
(1879, NULL, 17, 'Ford Galaxy/Versailles', NULL, NULL),
(1880, NULL, 17, 'Ford GT', NULL, NULL),
(1881, NULL, 17, 'Ford GT40', NULL, NULL),
(1882, NULL, 17, 'Ford GT90', NULL, NULL),
(1883, NULL, 17, 'Huayra Pronello - Ford', NULL, NULL),
(1884, NULL, 17, 'Ford Ikon', NULL, NULL),
(1885, NULL, 17, 'Ford Iosis', NULL, NULL),
(1886, NULL, 17, 'Ford Iosis X', NULL, NULL),
(1887, NULL, 17, 'Ford Ka', NULL, NULL),
(1888, NULL, 17, 'Ford Kuga', NULL, NULL),
(1889, NULL, 17, 'Ford Laser', NULL, NULL),
(1890, NULL, 17, 'Ford Maverick', NULL, NULL),
(1891, NULL, 17, 'Ford Meteor', NULL, NULL),
(1892, NULL, 17, 'Ford Mondeo', NULL, NULL),
(1893, NULL, 17, 'Ford Mustang VI', NULL, NULL),
(1894, NULL, 17, 'Ford Mustang', NULL, NULL),
(1895, NULL, 17, 'Ford N', NULL, NULL),
(1896, NULL, 17, 'Ford Nucleon', NULL, NULL),
(1897, NULL, 17, 'Ford Orion', NULL, NULL),
(1898, NULL, 17, 'Ford Pinto', NULL, NULL),
(1899, NULL, 17, 'Ford Popular', NULL, NULL),
(1900, NULL, 17, 'Ford Probe', NULL, NULL),
(1901, NULL, 17, 'Ford Puma', NULL, NULL),
(1902, NULL, 17, 'Ford Ranchero (Argentina)', NULL, NULL),
(1903, NULL, 17, 'Ford Ranger', NULL, NULL),
(1904, NULL, 17, 'Ford Royale', NULL, NULL),
(1905, NULL, 17, 'Ford S', NULL, NULL),
(1906, NULL, 17, 'Ford Scorpio', NULL, NULL),
(1907, NULL, 17, 'Ford Shelby GR-1', NULL, NULL),
(1908, NULL, 17, 'Ford Sierra', NULL, NULL),
(1909, NULL, 17, 'Ford S-Max', NULL, NULL),
(1910, NULL, 17, 'Ford SYNus', NULL, NULL),
(1911, NULL, 17, 'Ford T', NULL, NULL),
(1912, NULL, 17, 'Ford Taunus', NULL, NULL),
(1913, NULL, 17, 'Ford Taurus', NULL, NULL),
(1914, NULL, 17, 'Ford Tempo', NULL, NULL),
(1915, NULL, 17, 'Ford Thunderbird', NULL, NULL),
(1916, NULL, 17, 'Ford Torino', NULL, NULL),
(1917, NULL, 17, 'Ford Transit', NULL, NULL),
(1918, NULL, 17, 'Ford Transit Connect', NULL, NULL),
(1919, NULL, 17, 'Ford V8', NULL, NULL),
(1920, NULL, 17, 'Ford Vedette', NULL, NULL),
(1921, NULL, 17, 'Ford Vega', NULL, NULL),
(1922, NULL, 17, 'Ford Verona', NULL, NULL),
(1923, NULL, 17, 'Ford Windstar', NULL, NULL),
(1924, NULL, 17, 'Ford Y 8 HP', NULL, NULL),
(1925, NULL, 20, 'GEO Metro', NULL, NULL),
(1926, NULL, 20, 'GEO Zonker', NULL, NULL),
(1927, NULL, 20, 'GEO Prizm', NULL, NULL),
(1928, NULL, 20, 'GEO Tracker', NULL, NULL),
(1929, NULL, 20, 'GEO Storm', NULL, NULL),
(1930, NULL, 20, 'GEO Metro Convertible', NULL, NULL),
(1931, NULL, 20, 'GEO Spectrum', NULL, NULL),
(1932, NULL, 18, 'Honda 1300', NULL, NULL),
(1933, NULL, 18, 'Honda Accord', NULL, NULL),
(1934, NULL, 18, 'Honda Acty', NULL, NULL),
(1935, NULL, 18, 'Honda Airwave', NULL, NULL),
(1936, NULL, 18, 'Honda Beat', NULL, NULL),
(1937, NULL, 18, 'Honda City', NULL, NULL),
(1938, NULL, 18, 'Honda City AA', NULL, NULL),
(1939, NULL, 18, 'Honda Civic', NULL, NULL),
(1940, NULL, 18, 'Honda Civic (Cuarta Generacion)', NULL, NULL),
(1941, NULL, 18, 'Honda Civic (Primera Generacion)', NULL, NULL),
(1942, NULL, 18, 'Honda Civic (Quinta Generacion)', NULL, NULL),
(1943, NULL, 18, 'Honda Civic (Segunda Generacion)', NULL, NULL),
(1944, NULL, 18, 'Honda Civic (Tercera Generacion)', NULL, NULL),
(1945, NULL, 18, 'Honda CR-X', NULL, NULL),
(1946, NULL, 18, 'Honda Civic Si', NULL, NULL),
(1947, NULL, 18, 'Honda Civic Type-R', NULL, NULL),
(1948, NULL, 18, 'Honda Concerto', NULL, NULL),
(1949, NULL, 18, 'Honda CR-V', NULL, NULL),
(1950, NULL, 18, 'Honda CR-X del Sol', NULL, NULL),
(1951, NULL, 18, 'Honda CR-Z', NULL, NULL),
(1952, NULL, 18, 'Honda FCX Clarity', NULL, NULL),
(1953, NULL, 18, 'Honda Fit', NULL, NULL),
(1954, NULL, 18, 'Honda FR-V', NULL, NULL),
(1955, NULL, 18, 'Honda Goldwing', NULL, NULL),
(1956, NULL, 18, 'Honda HR-V', NULL, NULL),
(1957, NULL, 18, 'Honda Insight', NULL, NULL),
(1958, NULL, 18, 'Honda Integra', NULL, NULL),
(1959, NULL, 18, 'Acura RSX', NULL, NULL),
(1960, NULL, 18, 'Honda Jazz', NULL, NULL),
(1961, NULL, 18, 'Honda Legend', NULL, NULL),
(1962, NULL, 18, 'Honda Logo', NULL, NULL),
(1963, NULL, 18, 'Honda N360', NULL, NULL),
(1964, NULL, 18, 'Honda NSX', NULL, NULL),
(1965, NULL, 18, 'Honda Passport', NULL, NULL),
(1966, NULL, 18, 'Honda Pilot', NULL, NULL),
(1967, NULL, 18, 'Honda Prelude', NULL, NULL),
(1968, NULL, 18, 'Honda Quint', NULL, NULL),
(1969, NULL, 18, 'Honda S500', NULL, NULL),
(1970, NULL, 18, 'Honda S600', NULL, NULL),
(1971, NULL, 18, 'Honda S800', NULL, NULL),
(1972, NULL, 18, 'Honda S2000', NULL, NULL),
(1973, NULL, 18, 'Honda S-MX', NULL, NULL),
(1974, NULL, 18, 'Honda T360', NULL, NULL),
(1975, NULL, 18, 'Honda WR-V', NULL, NULL),
(1976, NULL, 18, 'Honda Zest', NULL, NULL),
(1977, NULL, 19, 'Hyundai Accent', NULL, NULL),
(1978, NULL, 19, 'Hyundai Atos', NULL, NULL),
(1979, NULL, 19, 'Hyundai Azera', NULL, NULL),
(1980, NULL, 19, 'Hyundai Click', NULL, NULL),
(1981, NULL, 19, 'Hyundai Coupe', NULL, NULL),
(1982, NULL, 19, 'Hyundai Creta', NULL, NULL),
(1983, NULL, 19, 'Hyundai Elantra', NULL, NULL),
(1984, NULL, 19, 'Hyundai Entourage', NULL, NULL),
(1985, NULL, 19, 'Hyundai Eon', NULL, NULL),
(1986, NULL, 19, 'Hyundai Excel', NULL, NULL),
(1987, NULL, 19, 'yundai Genesis', NULL, NULL),
(1988, NULL, 19, 'Hyundai Genesis Coupe', NULL, NULL),
(1989, NULL, 19, 'Hyundai Getz', NULL, NULL),
(1990, NULL, 19, 'Hyundai H-1', NULL, NULL),
(1991, NULL, 19, 'Hyundai HB20', NULL, NULL),
(1992, NULL, 19, 'Hyundai HB20S', NULL, NULL),
(1993, NULL, 19, 'Hyundai i10', NULL, NULL),
(1994, NULL, 19, 'Hyundai i20', NULL, NULL),
(1995, NULL, 19, 'Hyundai i30', NULL, NULL),
(1996, NULL, 19, 'Hyundai i35', NULL, NULL),
(1997, NULL, 19, 'Hyundai i40', NULL, NULL),
(1998, NULL, 19, 'Hyundai ix20', NULL, NULL),
(1999, NULL, 19, 'Hyundai ix35', NULL, NULL),
(2000, NULL, 19, 'Hyundai ix35 FCEV', NULL, NULL),
(2001, NULL, 19, 'Hyundai ix55', NULL, NULL),
(2002, NULL, 19, 'Hyundai Kona', NULL, NULL),
(2003, NULL, 19, 'Hyundai Lavita', NULL, NULL),
(2004, NULL, 19, 'Hyundai Matrix', NULL, NULL),
(2005, NULL, 19, 'Hyundai Santa Fe', NULL, NULL),
(2006, NULL, 19, 'Hyundai Santamo', NULL, NULL),
(2007, NULL, 19, 'Hyundai Sonata', NULL, NULL),
(2008, NULL, 19, 'Hyundai Stellar', NULL, NULL),
(2009, NULL, 19, 'Hyundai Terracan', NULL, NULL),
(2010, NULL, 19, 'Hyundai Tiburon', NULL, NULL),
(2011, NULL, 19, 'Hyundai Trajet', NULL, NULL),
(2012, NULL, 19, 'Hyundai Tucson', NULL, NULL),
(2013, NULL, 19, 'Hyundai Veloster', NULL, NULL),
(2014, NULL, 19, 'Hyundai Veracruz', NULL, NULL),
(2015, NULL, 19, 'Hyundai Verna', NULL, NULL),
(2016, NULL, 19, 'Hyundai XG', NULL, NULL),
(2017, NULL, 21, 'Infiniti Q40', NULL, NULL),
(2018, NULL, 21, 'Infiniti Q50', NULL, NULL),
(2019, NULL, 21, 'Infiniti Q60', NULL, NULL),
(2020, NULL, 21, 'Infiniti Q70', NULL, NULL),
(2021, NULL, 21, 'Infiniti QX30', NULL, NULL),
(2022, NULL, 21, 'Infiniti QX50', NULL, NULL),
(2023, NULL, 21, 'Infiniti QX60', NULL, NULL),
(2024, NULL, 21, 'Infiniti QX70', NULL, NULL),
(2025, NULL, 21, 'Infiniti QX80', NULL, NULL),
(2026, NULL, 3, 'Acura ARX-02', NULL, NULL),
(2027, NULL, 3, 'Acura ARX-01', NULL, NULL),
(2028, NULL, 3, 'Acura CSX', NULL, NULL),
(2029, NULL, 3, 'Acura Legend', NULL, NULL),
(2030, NULL, 3, 'Acura MDX', NULL, NULL),
(2031, NULL, 3, 'Acura NSX', NULL, NULL),
(2032, NULL, 3, 'Acura RDX', NULL, NULL),
(2033, NULL, 3, 'Acura RL', NULL, NULL),
(2034, NULL, 3, 'Acura RSX', NULL, NULL),
(2035, NULL, 3, 'Acura TL', NULL, NULL),
(2036, NULL, 3, 'Acura TSX', NULL, NULL),
(2037, NULL, 2, 'Alfa Romeo 4C', NULL, NULL),
(2038, NULL, 2, 'Alfa Romeo 6C', NULL, NULL),
(2039, NULL, 2, 'Alfa Romeo 8C', NULL, NULL),
(2040, NULL, 2, 'Alfa Romeo 8C Competizione', NULL, NULL),
(2041, NULL, 2, 'Alfa Romeo 12C', NULL, NULL),
(2042, NULL, 2, 'A.L.F.A 24 HP', NULL, NULL),
(2043, NULL, 2, 'Alfa Romeo 33', NULL, NULL),
(2044, NULL, 2, 'Alfa Romeo 33 Stradale', NULL, NULL),
(2045, NULL, 2, 'Alfa Romeo 75', NULL, NULL),
(2046, NULL, 2, 'Alfa Romeo 90', NULL, NULL),
(2047, NULL, 2, 'Alfa Romeo 145', NULL, NULL),
(2048, NULL, 2, 'Alfa Romeo 147', NULL, NULL),
(2049, NULL, 2, 'Alfa Romeo 155', NULL, NULL),
(2050, NULL, 2, 'Alfa Romeo 156', NULL, NULL),
(2051, NULL, 2, 'Alfa Romeo 159', NULL, NULL),
(2052, NULL, 2, 'Alfa Romeo 164', NULL, NULL),
(2053, NULL, 2, 'Alfa Romeo 166', NULL, NULL),
(2054, NULL, 2, 'Alfa Romeo 1750', NULL, NULL),
(2055, NULL, 2, 'Alfa Romeo 2000', NULL, NULL),
(2056, NULL, 2, 'Alfa Romeo 2300', NULL, NULL),
(2057, NULL, 2, 'Alfa Romeo 2600', NULL, NULL),
(2058, NULL, 2, 'Alfa Romeo Alfa 6', NULL, NULL),
(2059, NULL, 2, 'Alfa Romeo Alfasud', NULL, NULL),
(2060, NULL, 2, 'Alfa Romeo Alfetta', NULL, NULL),
(2061, NULL, 2, 'Alfa Romeo Alfetta GT/GTV', NULL, NULL),
(2062, NULL, 2, 'Alfa Romeo Arna', NULL, NULL),
(2063, NULL, 2, 'Alfa Romeo Brera', NULL, NULL),
(2064, NULL, 2, 'Alfa Romeo Dauphine', NULL, NULL),
(2065, NULL, 2, 'Alfa Romeo Giulia //(1962)', NULL, NULL),
(2066, NULL, 2, 'Alfa Romeo Giulia GT Veloce', NULL, NULL),
(2067, NULL, 2, 'Alfa Romeo Giulia TZ', NULL, NULL),
(2068, NULL, 2, 'Alfa Romeo Giulia //(2015)', NULL, NULL),
(2069, NULL, 2, 'Alfa Romeo Giulietta //(1977)', NULL, NULL),
(2070, NULL, 2, 'Alfa Romeo Giulietta // (1955)', NULL, NULL),
(2071, NULL, 2, 'Alfa Romeo Giulietta //(2010)', NULL, NULL),
(2072, NULL, 2, 'Alfa Romeo GT', NULL, NULL),
(2073, NULL, 2, 'Alfa Romeo GTV', NULL, NULL),
(2074, NULL, 2, 'Alfa Romeo Montreal', NULL, NULL),
(2075, NULL, 2, 'Alfa Romeo MiTo', NULL, NULL),
(2076, NULL, 2, 'Alfa Romeo P1', NULL, NULL),
(2077, NULL, 2, 'Alfa Romeo P2', NULL, NULL),
(2078, NULL, 2, 'Alfa Romeo P3', NULL, NULL),
(2079, NULL, 2, 'Alfa Romeo RL', NULL, NULL),
(2080, NULL, 2, 'Alfa Romeo RM', NULL, NULL),
(2081, NULL, 2, 'Alfa Romeo Romeo', NULL, NULL),
(2082, NULL, 2, 'Alfa Romeo Spider// (1966)', NULL, NULL),
(2083, NULL, 2, 'Alfa Romeo Sprint', NULL, NULL),
(2084, NULL, 2, 'Alfa Romeo Stelvio', NULL, NULL),
(2085, NULL, 2, 'Alfa Romeo SZ/RZ', NULL, NULL),
(2086, NULL, 4, 'Audi 50', NULL, NULL),
(2087, NULL, 4, 'Audi 80', NULL, NULL),
(2088, NULL, 4, 'Audi 100', NULL, NULL),
(2089, NULL, 4, 'Audi A1', NULL, NULL),
(2090, NULL, 4, 'Audi A2', NULL, NULL),
(2091, NULL, 4, 'Audi A4', NULL, NULL),
(2092, NULL, 4, 'Audi A5', NULL, NULL),
(2093, NULL, 4, 'Audi A6', NULL, NULL),
(2094, NULL, 4, 'Audi A6 allroad quattro', NULL, NULL),
(2095, NULL, 4, 'Audi A8', NULL, NULL),
(2096, NULL, 4, 'Audi 200', NULL, NULL),
(2097, NULL, 4, 'Audi A3', NULL, NULL),
(2098, NULL, 4, 'Audi A7', NULL, NULL),
(2099, NULL, 4, 'Audi Allroad Quattro Concept', NULL, NULL),
(2100, NULL, 4, 'Audi Avus Quattro', NULL, NULL),
(2101, NULL, 4, 'Audi Cross Cabriolet', NULL, NULL),
(2102, NULL, 4, 'Audi e-tron', NULL, NULL),
(2103, NULL, 4, 'SEAT Exeo', NULL, NULL),
(2104, NULL, 4, 'Audi F103', NULL, NULL),
(2105, NULL, 4, 'Audi Le Mans quattro', NULL, NULL),
(2106, NULL, 4, 'Audi Nuvolari', NULL, NULL),
(2107, NULL, 4, 'Audi Q2', NULL, NULL),
(2108, NULL, 4, 'Audi Q3', NULL, NULL),
(2109, NULL, 4, 'Audi Q5', NULL, NULL),
(2110, NULL, 4, 'Audi Q7', NULL, NULL),
(2111, NULL, 4, 'Audi Quattro', NULL, NULL),
(2112, NULL, 4, 'Audi Quattro Concept', NULL, NULL),
(2113, NULL, 4, 'Audi R8', NULL, NULL),
(2114, NULL, 4, 'Audi Roadjet', NULL, NULL),
(2115, NULL, 4, 'Audi RS 6', NULL, NULL),
(2116, NULL, 4, 'Audi RS2 Avant', NULL, NULL),
(2117, NULL, 4, 'Audi RSQ', NULL, NULL),
(2118, NULL, 4, 'Audi S1', NULL, NULL),
(2119, NULL, 4, 'Audi Shooting Brake', NULL, NULL),
(2120, NULL, 4, 'Audi Sportback concept', NULL, NULL),
(2121, NULL, 4, 'Audi SQ5', NULL, NULL),
(2122, NULL, 4, 'Audi TT', NULL, NULL),
(2123, NULL, 4, 'Audi Urban Concept', NULL, NULL),
(2124, NULL, 5, 'Bentley 3 Litros', NULL, NULL),
(2125, NULL, 5, 'Bentley 6.5 Litros', NULL, NULL),
(2126, NULL, 5, 'Bentley Arnage', NULL, NULL),
(2127, NULL, 5, 'Bentley Azure', NULL, NULL),
(2128, NULL, 5, 'Bentley Bentayga', NULL, NULL),
(2129, NULL, 5, 'Bentley 3.5 Litros', NULL, NULL),
(2130, NULL, 5, 'Bentley 4.5 Litros', NULL, NULL),
(2131, NULL, 5, 'Bentley Brooklands', NULL, NULL),
(2132, NULL, 5, 'Bentley Continental Flying Spur', NULL, NULL),
(2133, NULL, 5, 'Bentley Continental GT', NULL, NULL),
(2134, NULL, 5, 'Bentley Hunaudieres', NULL, NULL),
(2135, NULL, 5, 'Bentley Mulsanne', NULL, NULL),
(2136, NULL, 5, 'Bentley S2', NULL, NULL),
(2137, NULL, 5, 'Bentley S3', NULL, NULL),
(2138, NULL, 5, 'Bentley Speed 8', NULL, NULL),
(2139, NULL, 6, 'BMW Serie 1', NULL, NULL),
(2140, NULL, 6, 'BMW Serie 2', NULL, NULL),
(2141, NULL, 6, 'BMW Serie 2 Active Tourer', NULL, NULL),
(2142, NULL, 6, 'BMW Serie 3', NULL, NULL),
(2143, NULL, 6, 'BMW 3.0 CSL', NULL, NULL),
(2144, NULL, 6, 'BMW 3.0 CSL Hommage', NULL, NULL),
(2145, NULL, 6, 'BMW Serie 4', NULL, NULL),
(2146, NULL, 6, 'BMW Serie 5', NULL, NULL),
(2147, NULL, 6, 'BMW Serie 5 Gran Turismo', NULL, NULL),
(2148, NULL, 6, 'BMW Serie 6', NULL, NULL),
(2149, NULL, 6, 'BMW E65/E66', NULL, NULL),
(2150, NULL, 6, 'BMW Serie 7', NULL, NULL),
(2151, NULL, 6, 'BMW Serie 8', NULL, NULL),
(2152, NULL, 6, 'BMW 328', NULL, NULL),
(2153, NULL, 6, 'BMW 507', NULL, NULL),
(2154, NULL, 6, 'BMW 600', NULL, NULL),
(2155, NULL, 6, 'BMW 700', NULL, NULL),
(2156, NULL, 6, 'BMW CS', NULL, NULL),
(2157, NULL, 6, 'BMW F 76', NULL, NULL),
(2158, NULL, 6, 'BMW G30', NULL, NULL),
(2159, NULL, 6, 'Isetta', NULL, NULL),
(2160, NULL, 6, 'BMW M', NULL, NULL),
(2161, NULL, 6, 'BMW M1', NULL, NULL),
(2162, NULL, 6, 'BMW M3', NULL, NULL),
(2163, NULL, 6, 'BMW M5', NULL, NULL),
(2164, NULL, 6, 'BMW M6', NULL, NULL),
(2165, NULL, 6, 'BMW Nazca C2', NULL, NULL),
(2166, NULL, 6, 'BMW Turbo', NULL, NULL),
(2167, NULL, 6, 'BMW X1', NULL, NULL),
(2168, NULL, 6, 'BMW X2', NULL, NULL),
(2169, NULL, 6, 'BMW X3', NULL, NULL),
(2170, NULL, 6, 'BMW X5', NULL, NULL),
(2171, NULL, 6, 'BMW X6', NULL, NULL),
(2172, NULL, 6, 'BMW X7', NULL, NULL),
(2173, NULL, 6, 'BMW Z1', NULL, NULL),
(2174, NULL, 6, 'BMW Z2', NULL, NULL),
(2175, NULL, 6, 'BMW Z3', NULL, NULL),
(2176, NULL, 6, 'BMW Z4', NULL, NULL),
(2177, NULL, 6, 'BMW Z4 M', NULL, NULL),
(2178, NULL, 6, 'BMW Z8', NULL, NULL),
(2179, NULL, 7, 'Cadillac Allante', NULL, NULL),
(2180, NULL, 7, 'Cadillac ATS', NULL, NULL),
(2181, NULL, 7, 'Cadillac BLS', NULL, NULL),
(2182, NULL, 7, 'Cadillac Calais', NULL, NULL),
(2183, NULL, 7, 'Cadillac Catera', NULL, NULL),
(2184, NULL, 7, 'Cadillac Cimarron', NULL, NULL),
(2185, NULL, 7, 'Cadillac Cien', NULL, NULL),
(2186, NULL, 7, 'Cadillac Catera', NULL, NULL),
(2187, NULL, 7, 'Cadillac CT6', NULL, NULL),
(2188, NULL, 7, 'Cadillac CTS', NULL, NULL),
(2189, NULL, 7, 'Cadillac DeVille', NULL, NULL),
(2190, NULL, 7, 'Cadillac DTS', NULL, NULL),
(2191, NULL, 7, 'Cadillac Eldorado', NULL, NULL),
(2192, NULL, 7, 'Cadillac Brougham', NULL, NULL),
(2193, NULL, 7, 'Cadillac ELR', NULL, NULL),
(2194, NULL, 7, 'Cadillac Escalade', NULL, NULL),
(2195, NULL, 7, 'Cadillac Evoq', NULL, NULL),
(2196, NULL, 7, 'Cadillac Fleetwood', NULL, NULL),
(2197, NULL, 7, 'Limusina presidencial (Estados Unidos)', NULL, NULL),
(2198, NULL, 7, 'Cadillac Northstar LMP', NULL, NULL),
(2199, NULL, 7, 'Cadillac Sixty Special', NULL, NULL),
(2200, NULL, 7, 'Cadillac Seville', NULL, NULL),
(2201, NULL, 7, 'Cadillac SRX', NULL, NULL),
(2202, NULL, 7, 'Cadillac STS', NULL, NULL),
(2203, NULL, 7, 'Cadillac Type 51', NULL, NULL),
(2204, NULL, 7, 'Cadillac V-Series', NULL, NULL),
(2205, NULL, 7, 'Cadillac XT4', NULL, NULL),
(2206, NULL, 7, 'Cadillac XLR', NULL, NULL),
(2207, NULL, 7, 'Cadillac XT5', NULL, NULL),
(2208, NULL, 7, 'Cadillac XTS', NULL, NULL),
(2209, NULL, 8, 'Chevrolet 490', NULL, NULL),
(2210, NULL, 8, 'Chevrolet', NULL, NULL),
(2211, NULL, 8, 'Chevrolet Agile', NULL, NULL),
(2212, NULL, 8, 'Chevrolet Astra', NULL, NULL),
(2213, NULL, 8, 'Chevrolet Astro', NULL, NULL),
(2214, NULL, 8, 'Chevrolet Aveo', NULL, NULL),
(2215, NULL, 8, 'Chevrolet Bel Air', NULL, NULL),
(2216, NULL, 8, 'Chevrolet Beretta', NULL, NULL),
(2217, NULL, 8, 'Chevrolet Blazer', NULL, NULL),
(2218, NULL, 8, 'Chevrolet Bolt', NULL, NULL),
(2219, NULL, 8, 'Chevrolet C-10', NULL, NULL),
(2220, NULL, 8, 'Chevrolet Calibra', NULL, NULL),
(2221, NULL, 8, 'Chevrolet Camaro', NULL, NULL),
(2222, NULL, 8, 'Chevrolet Captiva', NULL, NULL),
(2223, NULL, 8, 'Chevrolet Celebrity', NULL, NULL),
(2224, NULL, 8, 'Chevrolet Celta', NULL, NULL),
(2225, NULL, 8, 'Chevrolet Chevette', NULL, NULL),
(2226, NULL, 8, 'Chevrolet Caprice', NULL, NULL),
(2227, NULL, 8, 'Chevrolet Cavalier', NULL, NULL),
(2228, NULL, 8, 'Chevrolet Chevelle', NULL, NULL),
(2229, NULL, 8, 'Chevrolet Chevy', NULL, NULL),
(2230, NULL, 8, 'Chevrolet Cheyenne', NULL, NULL),
(2231, NULL, 8, 'Chevrolet Combo', NULL, NULL),
(2232, NULL, 8, 'Chevrolet Corsa', NULL, NULL),
(2233, NULL, 8, 'Chevrolet Corvette (C4)', NULL, NULL),
(2234, NULL, 8, 'Chevrolet Corvette C7', NULL, NULL),
(2235, NULL, 8, 'Chevrolet Master', NULL, NULL),
(2236, NULL, 8, 'Chevrolet Chevy 500', NULL, NULL),
(2237, NULL, 8, 'Chevrolet Citation IV', NULL, NULL),
(2238, NULL, 8, 'Chevrolet Classic', NULL, NULL),
(2239, NULL, 8, 'Chevrolet Cobalt', NULL, NULL),
(2240, NULL, 8, 'Chevrolet Cobalt (Brasileno)', NULL, NULL);
INSERT INTO `modelo_vehiculo` (`id`, `vigencia`, `marca_vehiculo_id`, `descripcion`, `created_at`, `updated_at`) VALUES
(2241, NULL, 8, 'Chevrolet Colorado', NULL, NULL),
(2242, NULL, 8, 'Chevrolet Corvair', NULL, NULL),
(2243, NULL, 8, 'Chevrolet Corvette', NULL, NULL),
(2244, NULL, 8, 'Chevrolet Cruze', NULL, NULL),
(2245, NULL, 8, 'Chevrolet D-20', NULL, NULL),
(2246, NULL, 8, 'Chevrolet Equinox', NULL, NULL),
(2247, NULL, 8, 'Chevrolet Fleetline', NULL, NULL),
(2248, NULL, 8, 'Chevrolet Impala', NULL, NULL),
(2249, NULL, 8, 'Isuzu Serie N', NULL, NULL),
(2250, NULL, 8, 'Chevrolet Kadett', NULL, NULL),
(2251, NULL, 8, 'Chevrolet Lumina', NULL, NULL),
(2252, NULL, 8, 'Chevrolet Lumina APV', NULL, NULL),
(2253, NULL, 8, 'Chevrolet LUV', NULL, NULL),
(2254, NULL, 8, 'Isuzu D-Max', NULL, NULL),
(2255, NULL, 8, 'Isuzu i-Series', NULL, NULL),
(2256, NULL, 8, 'Chevrolet Malibu', NULL, NULL),
(2257, NULL, 8, 'Chevrolet Marajo', NULL, NULL),
(2258, NULL, 8, 'Chevrolet Matiz', NULL, NULL),
(2259, NULL, 8, 'Chevrolet Meriva', NULL, NULL),
(2260, NULL, 8, 'Minivan U (General Motors)', NULL, NULL),
(2261, NULL, 8, 'Chevrolet Montana', NULL, NULL),
(2262, NULL, 8, 'Chevrolet Monte Carlo', NULL, NULL),
(2263, NULL, 8, 'Chevrolet Monza', NULL, NULL),
(2264, NULL, 8, 'Chevrolet N300', NULL, NULL),
(2265, NULL, 8, 'Chevrolet Niva/VAZ-2123', NULL, NULL),
(2266, NULL, 8, 'Chevrolet Chevy II / Nova', NULL, NULL),
(2267, NULL, 8, 'Chevrolet Nuevo Aveo / Sonic', NULL, NULL),
(2268, NULL, 8, 'Chevrolet Omega', NULL, NULL),
(2269, NULL, 8, 'Opel Omega', NULL, NULL),
(2270, NULL, 8, 'Chevrolet Omega Suprema', NULL, NULL),
(2271, NULL, 8, 'Chevrolet Onix', NULL, NULL),
(2272, NULL, 8, 'Chevrolet Opala', NULL, NULL),
(2273, NULL, 8, 'Chevrolet Optra', NULL, NULL),
(2274, NULL, 8, 'Chevrolet Orlando', NULL, NULL),
(2275, NULL, 8, 'Chevrolet Prisma', NULL, NULL),
(2276, NULL, 8, 'Prototipo Chevrolet (Turismo Carretera)', NULL, NULL),
(2277, NULL, 8, 'Chevrolet Rezzo', NULL, NULL),
(2278, NULL, 8, 'Isuzu Rodeo', NULL, NULL),
(2279, NULL, 8, 'Chevrolet S-10', NULL, NULL),
(2280, NULL, 8, 'Chevrolet Sail', NULL, NULL),
(2281, NULL, 8, 'Isuzu Forward', NULL, NULL),
(2282, NULL, 8, 'Chevrolet Silverado', NULL, NULL),
(2283, NULL, 8, 'Chevrolet Sonic', NULL, NULL),
(2284, NULL, 8, 'Chevrolet Spark', NULL, NULL),
(2285, NULL, 8, 'Chevrolet Spin', NULL, NULL),
(2286, NULL, 8, 'Suzuki Swift', NULL, NULL),
(2287, NULL, 8, 'Chevrolet SS', NULL, NULL),
(2288, NULL, 8, 'Chevrolet SSR', NULL, NULL),
(2289, NULL, 8, 'Chevrolet Suburban', NULL, NULL),
(2290, NULL, 8, 'Chevrolet Suprema', NULL, NULL),
(2291, NULL, 8, 'Chevrolet Tahoe', NULL, NULL),
(2292, NULL, 8, 'Chevrolet Tigra', NULL, NULL),
(2293, NULL, 8, 'Chevrolet Tornado', NULL, NULL),
(2294, NULL, 8, 'Chevrolet TrailBlazer', NULL, NULL),
(2295, NULL, 8, 'Chevrolet Traverse', NULL, NULL),
(2296, NULL, 8, 'Chevrolet Trax', NULL, NULL),
(2297, NULL, 8, 'Chevrolet WTCC Ultra', NULL, NULL),
(2298, NULL, 8, 'Chevrolet Van', NULL, NULL),
(2299, NULL, 8, 'Chevrolet Vectra', NULL, NULL),
(2300, NULL, 8, 'Chevrolet Venture', NULL, NULL),
(2301, NULL, 8, 'Chevrolet Vivant', NULL, NULL),
(2302, NULL, 8, 'Chevrolet Volt', NULL, NULL),
(2303, NULL, 8, 'Chevrolet Zafira', NULL, NULL),
(2304, NULL, 9, 'Citroen 2CV', NULL, NULL),
(2305, NULL, 9, 'Citroen Acadiane', NULL, NULL),
(2306, NULL, 9, 'Citroen Ami', NULL, NULL),
(2307, NULL, 9, 'Citroen AX', NULL, NULL),
(2308, NULL, 9, 'Citroen Axel', NULL, NULL),
(2309, NULL, 9, 'Furgoneta pequena PSA', NULL, NULL),
(2310, NULL, 9, 'Citroen BX', NULL, NULL),
(2311, NULL, 9, 'Citroen C-Airplay', NULL, NULL),
(2312, NULL, 9, 'Citroen C-Buggy', NULL, NULL),
(2313, NULL, 9, 'Citroen C-Crosser', NULL, NULL),
(2314, NULL, 9, 'Citroen C-Metisse', NULL, NULL),
(2315, NULL, 9, 'Citroen C1', NULL, NULL),
(2316, NULL, 9, 'Citroen C2', NULL, NULL),
(2317, NULL, 9, 'Citroen C3', NULL, NULL),
(2318, NULL, 9, 'Citroen C3 Aircross', NULL, NULL),
(2319, NULL, 9, 'Citroen C3 Picasso', NULL, NULL),
(2320, NULL, 9, 'Citroen C4', NULL, NULL),
(2321, NULL, 9, 'Citroen C4 Aircross', NULL, NULL),
(2322, NULL, 9, 'Citroen C4 Cactus', NULL, NULL),
(2323, NULL, 9, 'Citroen C4 Picasso', NULL, NULL),
(2324, NULL, 9, 'Citroen C4 SpaceTourer', NULL, NULL),
(2325, NULL, 9, 'Citroen C5', NULL, NULL),
(2326, NULL, 9, 'Citroen C5 Aircross', NULL, NULL),
(2327, NULL, 9, 'Citroen C6', NULL, NULL),
(2328, NULL, 9, 'Citroen C6 (China)', NULL, NULL),
(2329, NULL, 9, 'Citroen C8', NULL, NULL),
(2330, NULL, 9, 'Citroen C15', NULL, NULL),
(2331, NULL, 9, 'Citroen C35', NULL, NULL),
(2332, NULL, 9, 'Citroen C-SportLounge', NULL, NULL),
(2333, NULL, 9, 'Citroen CX', NULL, NULL),
(2334, NULL, 9, 'Citroen-Kegresse', NULL, NULL),
(2335, NULL, 9, 'Citycar (PSA/Toyota)', NULL, NULL),
(2336, NULL, 9, 'Citroen DS', NULL, NULL),
(2337, NULL, 9, 'DS3', NULL, NULL),
(2338, NULL, 9, 'DS4', NULL, NULL),
(2339, NULL, 9, 'DS5', NULL, NULL),
(2340, NULL, 9, 'Citroen Dyane', NULL, NULL),
(2341, NULL, 9, 'Citroen Eco 2000', NULL, NULL),
(2342, NULL, 9, 'Citroen Elysee', NULL, NULL),
(2343, NULL, 9, 'Citroen Evasion', NULL, NULL),
(2344, NULL, 9, 'Citroen GS', NULL, NULL),
(2345, NULL, 9, 'GT by Citroen', NULL, NULL),
(2346, NULL, 9, 'Citroen H', NULL, NULL),
(2347, NULL, 9, 'Citroen Hypnos', NULL, NULL),
(2348, NULL, 9, 'Citroen Jumper', NULL, NULL),
(2349, NULL, 9, 'Citroen Jumpy', NULL, NULL),
(2350, NULL, 9, 'Citroen Lacoste', NULL, NULL),
(2351, NULL, 9, 'Citroen LNA', NULL, NULL),
(2352, NULL, 9, 'Citroen Mehari', NULL, NULL),
(2353, NULL, 9, 'Citroen Nemo', NULL, NULL),
(2354, NULL, 9, 'Citroen Revolte', NULL, NULL),
(2355, NULL, 9, 'Citroen Rosalie', NULL, NULL),
(2356, NULL, 9, 'Citroen Saxo', NULL, NULL),
(2357, NULL, 9, 'Citroen SM', NULL, NULL),
(2358, NULL, 9, 'Citroen Survolt', NULL, NULL),
(2359, NULL, 9, 'Citroen Traction Avant', NULL, NULL),
(2360, NULL, 9, 'Citroen Visa', NULL, NULL),
(2361, NULL, 9, 'Citroen Xantia', NULL, NULL),
(2362, NULL, 9, 'Citroen XM', NULL, NULL),
(2363, NULL, 9, 'Citroen Xsara', NULL, NULL),
(2364, NULL, 9, 'Citroen Xsara Picasso', NULL, NULL),
(2365, NULL, 9, 'Citroen Zabrus', NULL, NULL),
(2366, NULL, 9, 'Citroen ZX', NULL, NULL),
(2367, NULL, 10, 'Dacia 1100', NULL, NULL),
(2368, NULL, 10, 'Dacia 1300', NULL, NULL),
(2369, NULL, 10, 'ARO 10', NULL, NULL),
(2370, NULL, 10, 'Dacia Dokker', NULL, NULL),
(2371, NULL, 10, 'Dacia Duster', NULL, NULL),
(2372, NULL, 10, 'Dacia Lodgy', NULL, NULL),
(2373, NULL, 10, 'Dacia Logan', NULL, NULL),
(2374, NULL, 10, 'Mahindra-Renault Verito', NULL, NULL),
(2375, NULL, 10, 'Dacia Nova', NULL, NULL),
(2376, NULL, 10, 'Renault Tondar 90', NULL, NULL),
(2377, NULL, 10, 'Dacia Sandero', NULL, NULL),
(2378, NULL, 10, 'Dacia Sandero Stepway', NULL, NULL),
(2379, NULL, 10, 'Dacia Solenza', NULL, NULL),
(2380, NULL, 10, 'Dacia SuperNova', NULL, NULL),
(2381, NULL, 11, 'Daewoo Arcadia', NULL, NULL),
(2382, NULL, 11, 'Daewoo Bucrane', NULL, NULL),
(2383, NULL, 11, 'Daewoo Cielo', NULL, NULL),
(2384, NULL, 11, 'Daewoo Espero', NULL, NULL),
(2385, NULL, 11, 'Daewoo Gentra', NULL, NULL),
(2386, NULL, 11, 'GM Korea', NULL, NULL),
(2387, NULL, 11, 'Daewoo Kalos', NULL, NULL),
(2388, NULL, 11, 'Daewoo Lanos', NULL, NULL),
(2389, NULL, 11, 'Daewoo Le Mans', NULL, NULL),
(2390, NULL, 11, 'Daewoo Maepsy', NULL, NULL),
(2391, NULL, 11, 'Daewoo Magnus', NULL, NULL),
(2392, NULL, 11, 'Chevrolet Spark', NULL, NULL),
(2393, NULL, 11, 'Daewoo Nexia', NULL, NULL),
(2394, NULL, 11, 'Daewoo Nubira', NULL, NULL),
(2395, NULL, 11, 'Daewoo Racer', NULL, NULL),
(2396, NULL, 11, 'Daewoo Racer/Cielo', NULL, NULL),
(2397, NULL, 11, 'Daewoo Rezzo', NULL, NULL),
(2398, NULL, 11, 'Daewoo Royale', NULL, NULL),
(2399, NULL, 11, 'Daewoo Tacuma', NULL, NULL),
(2400, NULL, 11, 'Daewoo Tico', NULL, NULL),
(2401, NULL, 11, 'Daewoo Tosca', NULL, NULL),
(2402, NULL, 11, 'Daewoo Vivant', NULL, NULL),
(2403, NULL, 11, 'Daewoo Winstorm', NULL, NULL),
(2404, NULL, 12, 'Daihatsu Altis', NULL, NULL),
(2405, NULL, 12, 'Daihatsu Applause', NULL, NULL),
(2406, NULL, 12, 'Daihatsu Boon', NULL, NULL),
(2407, NULL, 12, 'Daihatsu Charade', NULL, NULL),
(2408, NULL, 12, 'Daihatsu Coo', NULL, NULL),
(2409, NULL, 12, 'Daihatsu Copen', NULL, NULL),
(2410, NULL, 12, 'Daihatsu Cuore', NULL, NULL),
(2411, NULL, 12, 'K3-VE', NULL, NULL),
(2412, NULL, 12, 'Daihatsu Materia', NULL, NULL),
(2413, NULL, 12, 'Daihatsu Midget', NULL, NULL),
(2414, NULL, 12, 'Daihatsu Mira', NULL, NULL),
(2415, NULL, 12, 'Daihatsu Move', NULL, NULL),
(2416, NULL, 12, 'Daihatsu Sirion', NULL, NULL),
(2417, NULL, 12, 'Daihatsu Terios', NULL, NULL),
(2418, NULL, 13, 'Datsun redi-GO', NULL, NULL),
(2419, NULL, 13, 'Datsun GO', NULL, NULL),
(2420, NULL, 13, 'Datsun GO+', NULL, NULL),
(2421, NULL, 13, 'Datsun ON-DO', NULL, NULL),
(2422, NULL, 13, 'Datsun MI-DO', NULL, NULL),
(2423, NULL, 13, 'Datsun 120', NULL, NULL),
(2424, NULL, 13, 'Datsun Cross', NULL, NULL),
(2425, NULL, 14, 'Dodge 400', NULL, NULL),
(2426, NULL, 14, 'Dodge 600', NULL, NULL),
(2427, NULL, 14, 'Dodge 1500', NULL, NULL),
(2428, NULL, 14, 'Dodge 3700', NULL, NULL),
(2429, NULL, 14, 'Dodge Aries', NULL, NULL),
(2430, NULL, 14, 'Dodge Aspen', NULL, NULL),
(2431, NULL, 14, 'Dodge Attitude', NULL, NULL),
(2432, NULL, 14, 'Dodge Avenger', NULL, NULL),
(2433, NULL, 14, 'Dodge Caliber', NULL, NULL),
(2434, NULL, 14, 'Dodge Caravan', NULL, NULL),
(2435, NULL, 14, 'Dodge Challenger', NULL, NULL),
(2436, NULL, 14, 'Dodge Charger', NULL, NULL),
(2437, NULL, 14, 'Dodge Charger (B-body)', NULL, NULL),
(2438, NULL, 14, 'Dodge Charger (LX)', NULL, NULL),
(2439, NULL, 14, 'Dodge Cherokee', NULL, NULL),
(2440, NULL, 14, 'Dodge Colt', NULL, NULL),
(2441, NULL, 14, 'Dodge Coronado', NULL, NULL),
(2442, NULL, 14, 'Dodge Coronet', NULL, NULL),
(2443, NULL, 14, 'Dodge D Series', NULL, NULL),
(2444, NULL, 14, 'Dodge Dart', NULL, NULL),
(2445, NULL, 14, 'Dodge Dart GT', NULL, NULL),
(2446, NULL, 14, 'Dodge Dakota', NULL, NULL),
(2447, NULL, 14, 'Dodge Daytona', NULL, NULL),
(2448, NULL, 14, 'Dodge Diplomat', NULL, NULL),
(2449, NULL, 14, 'Dodge Durango', NULL, NULL),
(2450, NULL, 14, 'Dodge Dynasty', NULL, NULL),
(2451, NULL, 14, 'Dodge GTX', NULL, NULL),
(2452, NULL, 14, 'Dodge Intrepid', NULL, NULL),
(2453, NULL, 14, 'Dodge Journey', NULL, NULL),
(2454, NULL, 14, 'Dodge Lancer', NULL, NULL),
(2455, NULL, 14, 'Dodge Magnum', NULL, NULL),
(2456, NULL, 14, 'Dodge Mirada', NULL, NULL),
(2457, NULL, 14, 'Dodge Monaco', NULL, NULL),
(2458, NULL, 14, 'Dodge Neon SRT-4', NULL, NULL),
(2459, NULL, 14, 'Dodge Nitro', NULL, NULL),
(2460, NULL, 14, 'Dodge Omni', NULL, NULL),
(2461, NULL, 14, 'Dodge Polara', NULL, NULL),
(2462, NULL, 14, 'Dodge Ram SRT 10', NULL, NULL),
(2463, NULL, 14, 'Dodge Ramcharger', NULL, NULL),
(2464, NULL, 14, 'Ram Pickup', NULL, NULL),
(2465, NULL, 14, 'Dodge Spirit', NULL, NULL),
(2466, NULL, 14, 'Dodge Stratus', NULL, NULL),
(2467, NULL, 14, 'Dodge Super Bee', NULL, NULL),
(2468, NULL, 14, 'Dodge Viper', NULL, NULL),
(2469, NULL, 15, 'Ferrari 250', NULL, NULL),
(2470, NULL, 15, 'Ferrari 250 GT Berlinetta', NULL, NULL),
(2471, NULL, 15, 'Ferrari 250 GTO', NULL, NULL),
(2472, NULL, 15, 'Ferrari 288 GTO', NULL, NULL),
(2473, NULL, 15, 'Ferrari 308 GTB', NULL, NULL),
(2474, NULL, 15, 'Ferrari 328', NULL, NULL),
(2475, NULL, 15, 'Ferrari 333 SP', NULL, NULL),
(2476, NULL, 15, 'Ferrari 348', NULL, NULL),
(2477, NULL, 15, 'Ferrari 360', NULL, NULL),
(2478, NULL, 15, 'Ferrari 365 GT4 2+2', NULL, NULL),
(2479, NULL, 15, 'Ferrari 400', NULL, NULL),
(2480, NULL, 15, 'Ferrari 456', NULL, NULL),
(2481, NULL, 15, 'Ferrari 458 Italia', NULL, NULL),
(2482, NULL, 15, 'Ferrari 458 Speciale', NULL, NULL),
(2483, NULL, 15, 'Ferrari 488', NULL, NULL),
(2484, NULL, 15, 'Ferrari 550', NULL, NULL),
(2485, NULL, 15, 'Ferrari 575M Maranello', NULL, NULL),
(2486, NULL, 15, 'Ferrari 599 GTB Fiorano', NULL, NULL),
(2487, NULL, 15, 'Ferrari 612 Scaglietti', NULL, NULL),
(2488, NULL, 15, 'Ferrari 637', NULL, NULL),
(2489, NULL, 15, 'Ferrari 812 Superfast', NULL, NULL),
(2490, NULL, 15, 'Ferrari California', NULL, NULL),
(2491, NULL, 15, 'Ferrari Daytona', NULL, NULL),
(2492, NULL, 15, 'Ferrari Dino', NULL, NULL),
(2493, NULL, 15, 'Ferrari Enzo', NULL, NULL),
(2494, NULL, 15, 'Ferrari F12berlinetta', NULL, NULL),
(2495, NULL, 15, 'Ferrari F12 TRS', NULL, NULL),
(2496, NULL, 15, 'Ferrari F12tdf', NULL, NULL),
(2497, NULL, 15, 'Ferrari F40', NULL, NULL),
(2498, NULL, 15, 'Ferrari F50', NULL, NULL),
(2499, NULL, 15, 'Ferrari F355', NULL, NULL),
(2500, NULL, 15, 'Ferrari F430', NULL, NULL),
(2501, NULL, 15, 'Ferrari F80 Concept', NULL, NULL),
(2502, NULL, 15, 'Ferrari F154', NULL, NULL),
(2503, NULL, 15, 'Ferrari F430 Challenge', NULL, NULL),
(2504, NULL, 15, 'Ferrari FF', NULL, NULL),
(2505, NULL, 15, 'Ferrari FX', NULL, NULL),
(2506, NULL, 15, 'Ferrari FXX', NULL, NULL),
(2507, NULL, 15, 'Ferrari GTC4Lusso', NULL, NULL),
(2508, NULL, 15, 'Ferrari LaFerrari', NULL, NULL),
(2509, NULL, 15, 'Ferrari Mythos', NULL, NULL),
(2510, NULL, 15, 'Ferrari P4/5', NULL, NULL),
(2511, NULL, 15, 'Ferrari Portofino', NULL, NULL),
(2512, NULL, 15, 'Ferrari SP', NULL, NULL),
(2513, NULL, 15, 'Ferrari Testarossa', NULL, NULL),
(2514, NULL, 15, 'Ferrari TR', NULL, NULL),
(2515, NULL, 16, 'Fiat 2B', NULL, NULL),
(2516, NULL, 16, 'Fiat 3 HP', NULL, NULL),
(2517, NULL, 16, 'Fiat 6-8 HP', NULL, NULL),
(2518, NULL, 16, 'Fiat 8 HP', NULL, NULL),
(2519, NULL, 16, 'Fiat 10 HP', NULL, NULL),
(2520, NULL, 16, 'Fiat 12 HP', NULL, NULL),
(2521, NULL, 16, 'Fiat 24-32 HP', NULL, NULL),
(2522, NULL, 16, 'Fiat 50 HP', NULL, NULL),
(2523, NULL, 16, 'Fiat 60 HP', NULL, NULL),
(2524, NULL, 16, 'Fiat 70', NULL, NULL),
(2525, NULL, 16, 'Fiat 124', NULL, NULL),
(2526, NULL, 16, 'Fiat 124 Spider', NULL, NULL),
(2527, NULL, 16, 'Fiat 125', NULL, NULL),
(2528, NULL, 16, 'Fiat 125 Mirafiori', NULL, NULL),
(2529, NULL, 16, 'Fiat 125 Centurion', NULL, NULL),
(2530, NULL, 16, 'Fiat 126', NULL, NULL),
(2531, NULL, 16, 'Fiat 127', NULL, NULL),
(2532, NULL, 16, 'Fiat 128', NULL, NULL),
(2533, NULL, 16, 'Fiat 130', NULL, NULL),
(2534, NULL, 16, 'Fiat 131', NULL, NULL),
(2535, NULL, 16, 'Fiat 133', NULL, NULL),
(2536, NULL, 16, 'Fiat 147', NULL, NULL),
(2537, NULL, 16, 'Fiat 242', NULL, NULL),
(2538, NULL, 16, 'Fiat 500', NULL, NULL),
(2539, NULL, 16, 'Fiat 500C', NULL, NULL),
(2540, NULL, 16, 'Fiat 500e', NULL, NULL),
(2541, NULL, 16, 'Fiat 500L', NULL, NULL),
(2542, NULL, 16, 'Fiat 500X', NULL, NULL),
(2543, NULL, 16, 'Fiat 501', NULL, NULL),
(2544, NULL, 16, 'Fiat 502', NULL, NULL),
(2545, NULL, 16, 'Fiat 503', NULL, NULL),
(2546, NULL, 16, 'Fiat 507', NULL, NULL),
(2547, NULL, 16, 'Fiat 508', NULL, NULL),
(2548, NULL, 16, 'Fiat 510', NULL, NULL),
(2549, NULL, 16, 'Fiat 512', NULL, NULL),
(2550, NULL, 16, 'Fiat 514', NULL, NULL),
(2551, NULL, 16, 'Fiat 515', NULL, NULL),
(2552, NULL, 16, 'Fiat 525', NULL, NULL),
(2553, NULL, 16, 'Fiat 600', NULL, NULL),
(2554, NULL, 16, 'Fiat 615', NULL, NULL),
(2555, NULL, 16, 'Fiat 850', NULL, NULL),
(2556, NULL, 16, 'Fiat 1100', NULL, NULL),
(2557, NULL, 16, 'Fiat 1300/1500', NULL, NULL),
(2558, NULL, 16, 'Fiat 1400/1900', NULL, NULL),
(2559, NULL, 16, 'Fiat 1600', NULL, NULL),
(2560, NULL, 16, 'Fiat 1800/2100', NULL, NULL),
(2561, NULL, 16, 'Fiat Albea', NULL, NULL),
(2562, NULL, 16, 'Fiat Argo', NULL, NULL),
(2563, NULL, 16, 'Fiat Barchetta', NULL, NULL),
(2564, NULL, 16, 'Fiat Bravo/Brava', NULL, NULL),
(2565, NULL, 16, 'Fiat Cinquecento', NULL, NULL),
(2566, NULL, 16, 'Fiat Coupe', NULL, NULL),
(2567, NULL, 16, 'Fiat Croma', NULL, NULL),
(2568, NULL, 16, 'Fiat Cronos', NULL, NULL),
(2569, NULL, 16, 'Fiat Doblo', NULL, NULL),
(2570, NULL, 16, 'Fiat Duna', NULL, NULL),
(2571, NULL, 16, 'Fiat Elba', NULL, NULL),
(2572, NULL, 16, 'Fiat Fullback', NULL, NULL),
(2573, NULL, 16, 'Fiat Freemont', NULL, NULL),
(2574, NULL, 16, 'Fiat Grande Punto', NULL, NULL),
(2575, NULL, 16, 'Fiat Idea', NULL, NULL),
(2576, NULL, 16, 'Fiat Linea', NULL, NULL),
(2577, NULL, 16, 'Fiat Linea TRV6', NULL, NULL),
(2578, NULL, 16, 'Fiat Mobi', NULL, NULL),
(2579, NULL, 16, 'Fiat Multipla', NULL, NULL),
(2580, NULL, 16, 'Fiat Oggi', NULL, NULL),
(2581, NULL, 16, 'Fiat Ottimo', NULL, NULL),
(2582, NULL, 16, 'Fiat Palio', NULL, NULL),
(2583, NULL, 16, 'Fiat Palio Weekend', NULL, NULL),
(2584, NULL, 16, 'Fiat Panda', NULL, NULL),
(2585, NULL, 16, 'Fiat Pininfarina Coupe y Cabriolet', NULL, NULL),
(2586, NULL, 16, 'Fiat Premio', NULL, NULL),
(2587, NULL, 16, 'Fiat Punto', NULL, NULL),
(2588, NULL, 16, 'Fiat Qubo', NULL, NULL),
(2589, NULL, 16, 'Fiat Regata', NULL, NULL),
(2590, NULL, 16, 'Fiat Ritmo', NULL, NULL),
(2591, NULL, 16, 'Fiat Sedici', NULL, NULL),
(2592, NULL, 16, 'Fiat Seicento', NULL, NULL),
(2593, NULL, 16, 'Fiat Siena', NULL, NULL),
(2594, NULL, 16, 'Fiat Stilo', NULL, NULL),
(2595, NULL, 16, 'Fiat Strada', NULL, NULL),
(2596, NULL, 16, 'Fiat Tempra', NULL, NULL),
(2597, NULL, 16, 'Fiat Tipo', NULL, NULL),
(2598, NULL, 16, 'Fiat Toro', NULL, NULL),
(2599, NULL, 16, 'Fiat Ulysse', NULL, NULL),
(2600, NULL, 16, 'Fiat Uno', NULL, NULL),
(2601, NULL, 16, 'Fiat 1500 Coupe Vignale', NULL, NULL),
(2602, NULL, 16, 'Fiat Viaggio', NULL, NULL),
(2603, NULL, 16, 'Fiat Weekend', NULL, NULL),
(2604, NULL, 16, 'Fiat X1/9', NULL, NULL),
(2605, NULL, 16, 'Fiat Zero', NULL, NULL),
(2606, NULL, 17, 'Ford 7Y', NULL, NULL),
(2607, NULL, 17, 'Ford 48', NULL, NULL),
(2608, NULL, 17, 'Ford 999', NULL, NULL),
(2609, NULL, 17, 'Ford 1937', NULL, NULL),
(2610, NULL, 17, 'Ford 1941', NULL, NULL),
(2611, NULL, 17, 'Ford 1949', NULL, NULL),
(2612, NULL, 17, 'Ford 1952', NULL, NULL),
(2613, NULL, 17, 'Ford 1955', NULL, NULL),
(2614, NULL, 17, 'Ford 1957', NULL, NULL),
(2615, NULL, 17, 'Ford 1960', NULL, NULL),
(2616, NULL, 17, 'Ford A', NULL, NULL),
(2617, NULL, 17, 'Ford Aerostar', NULL, NULL),
(2618, NULL, 17, 'Ford Anglia', NULL, NULL),
(2619, NULL, 17, 'Ford B', NULL, NULL),
(2620, NULL, 17, 'Baufer Ford F-100', NULL, NULL),
(2621, NULL, 17, 'Ford Belina', NULL, NULL),
(2622, NULL, 17, 'Ford B-Max', NULL, NULL),
(2623, NULL, 17, 'Ford Bronco', NULL, NULL),
(2624, NULL, 17, 'Ford C', NULL, NULL),
(2625, NULL, 17, 'Ford C (1904)', NULL, NULL),
(2626, NULL, 17, 'Ford C-Max Energi', NULL, NULL),
(2627, NULL, 17, 'Ford Capri', NULL, NULL),
(2628, NULL, 17, 'Ford Consul Capri', NULL, NULL),
(2629, NULL, 17, 'Ford C-Max', NULL, NULL),
(2630, NULL, 17, 'Ford Contour', NULL, NULL),
(2631, NULL, 17, 'Ford Corcel', NULL, NULL),
(2632, NULL, 17, 'Ford Cougar (Europa)', NULL, NULL),
(2633, NULL, 17, 'Ford Courier', NULL, NULL),
(2634, NULL, 17, 'Ford Crown Victoria', NULL, NULL),
(2635, NULL, 17, 'Cuadriciclo Ford', NULL, NULL),
(2636, NULL, 17, 'Ford Del Rey', NULL, NULL),
(2637, NULL, 17, 'Ford Expedition', NULL, NULL),
(2638, NULL, 17, 'Ford EcoSport', NULL, NULL),
(2639, NULL, 17, 'Ford Edge', NULL, NULL),
(2640, NULL, 17, 'Ford Edsel', NULL, NULL),
(2641, NULL, 17, 'Ford Eifel', NULL, NULL),
(2642, NULL, 17, 'Ford Escape', NULL, NULL),
(2643, NULL, 17, 'Ford Escort', NULL, NULL),
(2644, NULL, 17, 'Ford Escort (America del Norte)', NULL, NULL),
(2645, NULL, 17, 'Ford EXP', NULL, NULL),
(2646, NULL, 17, 'Ford F-100', NULL, NULL),
(2647, NULL, 17, 'Ford F-150', NULL, NULL),
(2648, NULL, 17, 'Ford F-1000', NULL, NULL),
(2649, NULL, 17, 'Ford Fairlane (Argentina)', NULL, NULL),
(2650, NULL, 17, 'Ford Fairmont', NULL, NULL),
(2651, NULL, 17, 'Ford Falcon (Estados Unidos)', NULL, NULL),
(2652, NULL, 17, 'Ford Fiesta', NULL, NULL),
(2653, NULL, 17, 'Ford Five Hundred', NULL, NULL),
(2654, NULL, 17, 'Ford Focus', NULL, NULL),
(2655, NULL, 17, 'Ford F', NULL, NULL),
(2656, NULL, 17, 'Ford Festiva', NULL, NULL),
(2657, NULL, 17, 'Ford Figo', NULL, NULL),
(2658, NULL, 17, 'Ford Flex', NULL, NULL),
(2659, NULL, 17, 'Ford Fusion (Europa)', NULL, NULL),
(2660, NULL, 17, 'Ford Forty-Nine', NULL, NULL),
(2661, NULL, 17, 'Ford Fusion Hybrid', NULL, NULL),
(2662, NULL, 17, 'Ford Galaxie', NULL, NULL),
(2663, NULL, 17, 'Ford Galaxy', NULL, NULL),
(2664, NULL, 17, 'Ford Galaxy/Versailles', NULL, NULL),
(2665, NULL, 17, 'Ford GT', NULL, NULL),
(2666, NULL, 17, 'Ford GT40', NULL, NULL),
(2667, NULL, 17, 'Ford GT90', NULL, NULL),
(2668, NULL, 17, 'Huayra Pronello - Ford', NULL, NULL),
(2669, NULL, 17, 'Ford Ikon', NULL, NULL),
(2670, NULL, 17, 'Ford Iosis', NULL, NULL),
(2671, NULL, 17, 'Ford Iosis X', NULL, NULL),
(2672, NULL, 17, 'Ford Ka', NULL, NULL),
(2673, NULL, 17, 'Ford Kuga', NULL, NULL),
(2674, NULL, 17, 'Ford Laser', NULL, NULL),
(2675, NULL, 17, 'Ford Maverick', NULL, NULL),
(2676, NULL, 17, 'Ford Meteor', NULL, NULL),
(2677, NULL, 17, 'Ford Mondeo', NULL, NULL),
(2678, NULL, 17, 'Ford Mustang VI', NULL, NULL),
(2679, NULL, 17, 'Ford Mustang', NULL, NULL),
(2680, NULL, 17, 'Ford N', NULL, NULL),
(2681, NULL, 17, 'Ford Nucleon', NULL, NULL),
(2682, NULL, 17, 'Ford Orion', NULL, NULL),
(2683, NULL, 17, 'Ford Pinto', NULL, NULL),
(2684, NULL, 17, 'Ford Popular', NULL, NULL),
(2685, NULL, 17, 'Ford Probe', NULL, NULL),
(2686, NULL, 17, 'Ford Puma', NULL, NULL),
(2687, NULL, 17, 'Ford Ranchero (Argentina)', NULL, NULL),
(2688, NULL, 17, 'Ford Ranger', NULL, NULL),
(2689, NULL, 17, 'Ford Royale', NULL, NULL),
(2690, NULL, 17, 'Ford S', NULL, NULL),
(2691, NULL, 17, 'Ford Scorpio', NULL, NULL),
(2692, NULL, 17, 'Ford Shelby GR-1', NULL, NULL),
(2693, NULL, 17, 'Ford Sierra', NULL, NULL),
(2694, NULL, 17, 'Ford S-Max', NULL, NULL),
(2695, NULL, 17, 'Ford SYNus', NULL, NULL),
(2696, NULL, 17, 'Ford T', NULL, NULL),
(2697, NULL, 17, 'Ford Taunus', NULL, NULL),
(2698, NULL, 17, 'Ford Taurus', NULL, NULL),
(2699, NULL, 17, 'Ford Tempo', NULL, NULL),
(2700, NULL, 17, 'Ford Thunderbird', NULL, NULL),
(2701, NULL, 17, 'Ford Torino', NULL, NULL),
(2702, NULL, 17, 'Ford Transit', NULL, NULL),
(2703, NULL, 17, 'Ford Transit Connect', NULL, NULL),
(2704, NULL, 17, 'Ford V8', NULL, NULL),
(2705, NULL, 17, 'Ford Vedette', NULL, NULL),
(2706, NULL, 17, 'Ford Vega', NULL, NULL),
(2707, NULL, 17, 'Ford Verona', NULL, NULL),
(2708, NULL, 17, 'Ford Windstar', NULL, NULL),
(2709, NULL, 17, 'Ford Y 8 HP', NULL, NULL),
(2710, NULL, 20, 'GEO Metro', NULL, NULL),
(2711, NULL, 20, 'GEO Zonker', NULL, NULL),
(2712, NULL, 20, 'GEO Prizm', NULL, NULL),
(2713, NULL, 20, 'GEO Tracker', NULL, NULL),
(2714, NULL, 20, 'GEO Storm', NULL, NULL),
(2715, NULL, 20, 'GEO Metro Convertible', NULL, NULL),
(2716, NULL, 20, 'GEO Spectrum', NULL, NULL),
(2717, NULL, 18, 'Honda 1300', NULL, NULL),
(2718, NULL, 18, 'Honda Accord', NULL, NULL),
(2719, NULL, 18, 'Honda Acty', NULL, NULL),
(2720, NULL, 18, 'Honda Airwave', NULL, NULL),
(2721, NULL, 18, 'Honda Beat', NULL, NULL),
(2722, NULL, 18, 'Honda City', NULL, NULL),
(2723, NULL, 18, 'Honda City AA', NULL, NULL),
(2724, NULL, 18, 'Honda Civic', NULL, NULL),
(2725, NULL, 18, 'Honda Civic (Cuarta Generacion)', NULL, NULL),
(2726, NULL, 18, 'Honda Civic (Primera Generacion)', NULL, NULL),
(2727, NULL, 18, 'Honda Civic (Quinta Generacion)', NULL, NULL),
(2728, NULL, 18, 'Honda Civic (Segunda Generacion)', NULL, NULL),
(2729, NULL, 18, 'Honda Civic (Tercera Generacion)', NULL, NULL),
(2730, NULL, 18, 'Honda CR-X', NULL, NULL),
(2731, NULL, 18, 'Honda Civic Si', NULL, NULL),
(2732, NULL, 18, 'Honda Civic Type-R', NULL, NULL),
(2733, NULL, 18, 'Honda Concerto', NULL, NULL),
(2734, NULL, 18, 'Honda CR-V', NULL, NULL),
(2735, NULL, 18, 'Honda CR-X del Sol', NULL, NULL),
(2736, NULL, 18, 'Honda CR-Z', NULL, NULL),
(2737, NULL, 18, 'Honda FCX Clarity', NULL, NULL),
(2738, NULL, 18, 'Honda Fit', NULL, NULL),
(2739, NULL, 18, 'Honda FR-V', NULL, NULL),
(2740, NULL, 18, 'Honda Goldwing', NULL, NULL),
(2741, NULL, 18, 'Honda HR-V', NULL, NULL),
(2742, NULL, 18, 'Honda Insight', NULL, NULL),
(2743, NULL, 18, 'Honda Integra', NULL, NULL),
(2744, NULL, 18, 'Acura RSX', NULL, NULL),
(2745, NULL, 18, 'Honda Jazz', NULL, NULL),
(2746, NULL, 18, 'Honda Legend', NULL, NULL),
(2747, NULL, 18, 'Honda Logo', NULL, NULL),
(2748, NULL, 18, 'Honda N360', NULL, NULL),
(2749, NULL, 18, 'Honda NSX', NULL, NULL),
(2750, NULL, 18, 'Honda Passport', NULL, NULL),
(2751, NULL, 18, 'Honda Pilot', NULL, NULL),
(2752, NULL, 18, 'Honda Prelude', NULL, NULL),
(2753, NULL, 18, 'Honda Quint', NULL, NULL),
(2754, NULL, 18, 'Honda S500', NULL, NULL),
(2755, NULL, 18, 'Honda S600', NULL, NULL),
(2756, NULL, 18, 'Honda S800', NULL, NULL),
(2757, NULL, 18, 'Honda S2000', NULL, NULL),
(2758, NULL, 18, 'Honda S-MX', NULL, NULL),
(2759, NULL, 18, 'Honda T360', NULL, NULL),
(2760, NULL, 18, 'Honda WR-V', NULL, NULL),
(2761, NULL, 18, 'Honda Zest', NULL, NULL),
(2762, NULL, 19, 'Hyundai Accent', NULL, NULL),
(2763, NULL, 19, 'Hyundai Atos', NULL, NULL),
(2764, NULL, 19, 'Hyundai Azera', NULL, NULL),
(2765, NULL, 19, 'Hyundai Click', NULL, NULL),
(2766, NULL, 19, 'Hyundai Coupe', NULL, NULL),
(2767, NULL, 19, 'Hyundai Creta', NULL, NULL),
(2768, NULL, 19, 'Hyundai Elantra', NULL, NULL),
(2769, NULL, 19, 'Hyundai Entourage', NULL, NULL),
(2770, NULL, 19, 'Hyundai Eon', NULL, NULL),
(2771, NULL, 19, 'Hyundai Excel', NULL, NULL),
(2772, NULL, 19, 'yundai Genesis', NULL, NULL),
(2773, NULL, 19, 'Hyundai Genesis Coupe', NULL, NULL),
(2774, NULL, 19, 'Hyundai Getz', NULL, NULL),
(2775, NULL, 19, 'Hyundai H-1', NULL, NULL),
(2776, NULL, 19, 'Hyundai HB20', NULL, NULL),
(2777, NULL, 19, 'Hyundai HB20S', NULL, NULL),
(2778, NULL, 19, 'Hyundai i10', NULL, NULL),
(2779, NULL, 19, 'Hyundai i20', NULL, NULL),
(2780, NULL, 19, 'Hyundai i30', NULL, NULL),
(2781, NULL, 19, 'Hyundai i35', NULL, NULL),
(2782, NULL, 19, 'Hyundai i40', NULL, NULL),
(2783, NULL, 19, 'Hyundai ix20', NULL, NULL),
(2784, NULL, 19, 'Hyundai ix35', NULL, NULL),
(2785, NULL, 19, 'Hyundai ix35 FCEV', NULL, NULL),
(2786, NULL, 19, 'Hyundai ix55', NULL, NULL),
(2787, NULL, 19, 'Hyundai Kona', NULL, NULL),
(2788, NULL, 19, 'Hyundai Lavita', NULL, NULL),
(2789, NULL, 19, 'Hyundai Matrix', NULL, NULL),
(2790, NULL, 19, 'Hyundai Santa Fe', NULL, NULL),
(2791, NULL, 19, 'Hyundai Santamo', NULL, NULL),
(2792, NULL, 19, 'Hyundai Sonata', NULL, NULL),
(2793, NULL, 19, 'Hyundai Stellar', NULL, NULL),
(2794, NULL, 19, 'Hyundai Terracan', NULL, NULL),
(2795, NULL, 19, 'Hyundai Tiburon', NULL, NULL),
(2796, NULL, 19, 'Hyundai Trajet', NULL, NULL),
(2797, NULL, 19, 'Hyundai Tucson', NULL, NULL),
(2798, NULL, 19, 'Hyundai Veloster', NULL, NULL),
(2799, NULL, 19, 'Hyundai Veracruz', NULL, NULL),
(2800, NULL, 19, 'Hyundai Verna', NULL, NULL),
(2801, NULL, 19, 'Hyundai XG', NULL, NULL),
(2802, NULL, 21, 'Infiniti Q40', NULL, NULL),
(2803, NULL, 21, 'Infiniti Q50', NULL, NULL),
(2804, NULL, 21, 'Infiniti Q60', NULL, NULL),
(2805, NULL, 21, 'Infiniti Q70', NULL, NULL),
(2806, NULL, 21, 'Infiniti QX30', NULL, NULL),
(2807, NULL, 21, 'Infiniti QX50', NULL, NULL),
(2808, NULL, 21, 'Infiniti QX60', NULL, NULL),
(2809, NULL, 21, 'Infiniti QX70', NULL, NULL),
(2810, NULL, 21, 'Infiniti QX80', NULL, NULL),
(2811, NULL, 22, 'Isuzu Bellett', NULL, NULL),
(2812, NULL, 22, 'Isuzu D-Max', NULL, NULL),
(2813, NULL, 22, 'Isuzu Faster', NULL, NULL),
(2814, NULL, 22, 'Isuzu Forward', NULL, NULL),
(2815, NULL, 22, 'Isuzu Gemini', NULL, NULL),
(2816, NULL, 22, 'Isuzu Hombre', NULL, NULL),
(2817, NULL, 22, 'Isuzu i-Series', NULL, NULL),
(2818, NULL, 22, 'Isuzu I-Mark', NULL, NULL),
(2819, NULL, 22, 'Chevrolet LUV', NULL, NULL),
(2820, NULL, 22, 'Isuzu Rodeo', NULL, NULL),
(2821, NULL, 22, 'Isuzu Serie N', NULL, NULL),
(2822, NULL, 24, 'Jaguar C-X75', NULL, NULL),
(2823, NULL, 24, 'Jaguar E-Pace', NULL, NULL),
(2824, NULL, 24, 'Jaguar E-Type', NULL, NULL),
(2825, NULL, 24, 'Jaguar F-Pace', NULL, NULL),
(2826, NULL, 24, 'Jaguar F-Type', NULL, NULL),
(2827, NULL, 24, 'Jaguar I-Pace', NULL, NULL),
(2828, NULL, 24, 'Jaguar S-Type', NULL, NULL),
(2829, NULL, 24, 'Jaguar X-Type', NULL, NULL),
(2830, NULL, 24, 'Jaguar XE', NULL, NULL),
(2831, NULL, 24, 'Jaguar XF', NULL, NULL),
(2832, NULL, 24, 'Jaguar XJ', NULL, NULL),
(2833, NULL, 24, 'Jaguar XJ220', NULL, NULL),
(2834, NULL, 24, 'Jaguar XJR-15', NULL, NULL),
(2835, NULL, 24, 'Jaguar XJR-11', NULL, NULL),
(2836, NULL, 24, 'Jaguar XJR-12', NULL, NULL),
(2837, NULL, 24, 'Jaguar XJR-14', NULL, NULL),
(2838, NULL, 24, 'Jaguar XJS', NULL, NULL),
(2839, NULL, 24, 'Jaguar XK', NULL, NULL),
(2840, NULL, 24, 'Jaguar XKSS', NULL, NULL),
(2841, NULL, 25, 'Jeep Cherokee', NULL, NULL),
(2842, NULL, 25, 'Jeep Commander', NULL, NULL),
(2843, NULL, 25, 'Jeep Compass', NULL, NULL),
(2844, NULL, 25, 'Jeep Grand Cherokee', NULL, NULL),
(2845, NULL, 25, 'Jeepster Commando', NULL, NULL),
(2846, NULL, 25, 'Willys-Overland Jeepster', NULL, NULL),
(2847, NULL, 25, 'Jeep Liberty', NULL, NULL),
(2848, NULL, 25, 'Jeep Renegade', NULL, NULL),
(2849, NULL, 25, 'Jeep Wagoneer', NULL, NULL),
(2850, NULL, 25, 'Willys MB', NULL, NULL),
(2851, NULL, 25, 'Jeep Wrangler', NULL, NULL),
(2852, NULL, 26, 'Kia Avella', NULL, NULL),
(2853, NULL, 26, 'Kia Besta', NULL, NULL),
(2854, NULL, 26, 'Kia Bongo', NULL, NULL),
(2855, NULL, 26, 'Kia Cadenza', NULL, NULL),
(2856, NULL, 26, 'Kia Carens', NULL, NULL),
(2857, NULL, 26, 'Kia Carnival', NULL, NULL),
(2858, NULL, 26, 'Kia ceed', NULL, NULL),
(2859, NULL, 26, 'Kia Cerato', NULL, NULL),
(2860, NULL, 26, 'Kia Clarus', NULL, NULL),
(2861, NULL, 26, 'Kia Concord', NULL, NULL),
(2862, NULL, 26, 'Kia Forte', NULL, NULL),
(2863, NULL, 26, 'Kia Koup', NULL, NULL),
(2864, NULL, 26, 'Kia Magentis', NULL, NULL),
(2865, NULL, 26, 'Kia Mohave', NULL, NULL),
(2866, NULL, 26, 'Kia Niro', NULL, NULL),
(2867, NULL, 26, 'Kia Opirus', NULL, NULL),
(2868, NULL, 26, 'Kia Optima', NULL, NULL),
(2869, NULL, 26, 'Kia Picanto', NULL, NULL),
(2870, NULL, 26, 'Kia Pregio', NULL, NULL),
(2871, NULL, 26, 'Kia Ray', NULL, NULL),
(2872, NULL, 26, 'Kia Retona', NULL, NULL),
(2873, NULL, 26, 'Kia Rio', NULL, NULL),
(2874, NULL, 26, 'Kia Rondo', NULL, NULL),
(2875, NULL, 26, 'Kia Sedona', NULL, NULL),
(2876, NULL, 26, 'Kia Sephia', NULL, NULL),
(2877, NULL, 26, 'Kia Shuma', NULL, NULL),
(2878, NULL, 26, 'Kia Sorento', NULL, NULL),
(2879, NULL, 26, 'Kia Soul', NULL, NULL),
(2880, NULL, 26, 'Kia Sportage', NULL, NULL),
(2881, NULL, 26, 'Kia Stonic', NULL, NULL),
(2882, NULL, 26, 'Kia Towner', NULL, NULL),
(2883, NULL, 26, 'Kia Venga', NULL, NULL),
(2884, NULL, 27, 'AvtoVAZ', NULL, NULL),
(2885, NULL, 27, 'Lada 110/VAZ-2110', NULL, NULL),
(2886, NULL, 27, 'Lada 112/VAZ-2112', NULL, NULL),
(2887, NULL, 27, 'Lada 111/VAZ-2111', NULL, NULL),
(2888, NULL, 27, 'Lada Granta', NULL, NULL),
(2889, NULL, 27, 'Lada Kalina/VAZ-1118', NULL, NULL),
(2890, NULL, 27, 'Lada Largus', NULL, NULL),
(2891, NULL, 27, 'Lada Nadezhda/VAZ-2120', NULL, NULL),
(2892, NULL, 27, 'Chevrolet Niva/VAZ-2123', NULL, NULL),
(2893, NULL, 27, 'Lada Niva/VAZ-2121', NULL, NULL),
(2894, NULL, 27, 'Lada Oka/VAZ-1111', NULL, NULL),
(2895, NULL, 27, 'Lada Priora', NULL, NULL),
(2896, NULL, 27, 'Lada Revolution', NULL, NULL),
(2897, NULL, 27, 'Lada Riva/VAZ-2107', NULL, NULL),
(2898, NULL, 27, 'Lada Samara/VAZ-2109', NULL, NULL),
(2899, NULL, 27, 'Lada Zhiguli/VAZ-2101', NULL, NULL),
(2900, NULL, 28, 'Lamborghini 350 GTV', NULL, NULL),
(2901, NULL, 28, 'Lamborghini 350 GT', NULL, NULL),
(2902, NULL, 28, 'Lamborghini 400 GT', NULL, NULL),
(2903, NULL, 28, 'Lamborghini Athon', NULL, NULL),
(2904, NULL, 28, 'Lamborghini Aventador', NULL, NULL),
(2905, NULL, 28, 'Lamborghini Bravo', NULL, NULL),
(2906, NULL, 28, 'Lamborghini Cala', NULL, NULL),
(2907, NULL, 28, 'Lamborghini Centenario LP-770', NULL, NULL),
(2908, NULL, 28, 'Lamborghini Cheetah', NULL, NULL),
(2909, NULL, 28, 'Lamborghini Countach', NULL, NULL),
(2910, NULL, 28, 'Lamborghini Diablo', NULL, NULL),
(2911, NULL, 28, 'Lamborghini Espada', NULL, NULL),
(2912, NULL, 28, 'Lamborghini Estoque', NULL, NULL),
(2913, NULL, 28, 'Lamborghini Flying Star II', NULL, NULL),
(2914, NULL, 28, 'Lamborghini Gallardo', NULL, NULL),
(2915, NULL, 28, 'Lamborghini Huracan', NULL, NULL),
(2916, NULL, 28, 'Lamborghini Islero', NULL, NULL),
(2917, NULL, 28, 'Lamborghini Jalpa', NULL, NULL),
(2918, NULL, 28, 'Lamborghini Jarama', NULL, NULL),
(2919, NULL, 28, 'Lamborghini LM001', NULL, NULL),
(2920, NULL, 28, 'Lamborghini LM002', NULL, NULL),
(2921, NULL, 28, 'Lamborghini LM004', NULL, NULL),
(2922, NULL, 28, 'Lamborghini LMA002', NULL, NULL),
(2923, NULL, 28, 'Lamborghini Marco Polo', NULL, NULL),
(2924, NULL, 28, 'Lamborghini Marzal', NULL, NULL),
(2925, NULL, 28, 'Lamborghini Minautoro', NULL, NULL),
(2926, NULL, 28, 'Lamborghini Miura', NULL, NULL),
(2927, NULL, 28, 'Lamborghini Murcielago', NULL, NULL),
(2928, NULL, 28, 'Lamborghini Pregunta', NULL, NULL),
(2929, NULL, 28, 'Lamborghini Reventon', NULL, NULL),
(2930, NULL, 28, 'Lamborghini Sesto Elemento', NULL, NULL),
(2931, NULL, 28, 'Lamborghini Silhouette', NULL, NULL),
(2932, NULL, 28, 'Lamborghini Terzo Millennio', NULL, NULL),
(2933, NULL, 28, 'Lamborghini Urraco', NULL, NULL),
(2934, NULL, 28, 'Lamborghini Urus', NULL, NULL),
(2935, NULL, 28, 'Lamborghini Veneno', NULL, NULL),
(2936, NULL, 29, 'Lancia 2000', NULL, NULL),
(2937, NULL, 29, 'Lancia Alfa', NULL, NULL),
(2938, NULL, 29, 'Lancia Appia', NULL, NULL),
(2939, NULL, 29, 'Lancia Aprilia', NULL, NULL),
(2940, NULL, 29, 'Lancia Ardea', NULL, NULL),
(2941, NULL, 29, 'Lancia Aurelia', NULL, NULL),
(2942, NULL, 29, 'Lancia Artena', NULL, NULL),
(2943, NULL, 29, 'Lancia Astura', NULL, NULL),
(2944, NULL, 29, 'Lancia Augusta', NULL, NULL),
(2945, NULL, 29, 'Lancia Beta', NULL, NULL),
(2946, NULL, 29, 'Lancia Beta 15/20hp', NULL, NULL),
(2947, NULL, 29, 'Lancia Beta Trevi', NULL, NULL),
(2948, NULL, 29, 'Lancia Dedra', NULL, NULL),
(2949, NULL, 29, 'Lancia Delta', NULL, NULL),
(2950, NULL, 29, 'Lancia Delta 20/30hp', NULL, NULL),
(2951, NULL, 29, 'Lancia Dialfa-18/24hp', NULL, NULL),
(2952, NULL, 29, 'Lancia Dikappa', NULL, NULL),
(2953, NULL, 29, 'Lancia Dilambda', NULL, NULL),
(2954, NULL, 29, 'Lancia Epsilon', NULL, NULL),
(2955, NULL, 29, 'Lancia Eta', NULL, NULL),
(2956, NULL, 29, 'Lancia Flaminia', NULL, NULL),
(2957, NULL, 29, 'Lancia Flavia', NULL, NULL),
(2958, NULL, 29, 'Lancia Fulvia', NULL, NULL),
(2959, NULL, 29, 'Lancia Gamma', NULL, NULL),
(2960, NULL, 29, 'Lancia Gamma-20HP', NULL, NULL),
(2961, NULL, 29, 'Lancia Kappa', NULL, NULL),
(2962, NULL, 29, 'Lancia Lambda', NULL, NULL),
(2963, NULL, 29, 'Lancia Lybra', NULL, NULL),
(2964, NULL, 29, 'Lancia Montecarlo', NULL, NULL),
(2965, NULL, 29, 'Lancia Musa', NULL, NULL),
(2966, NULL, 29, 'Lancia Phedra', NULL, NULL),
(2967, NULL, 29, 'Lancia Prisma', NULL, NULL),
(2968, NULL, 29, 'Lancia Thema', NULL, NULL),
(2969, NULL, 29, 'Lancia Thesis', NULL, NULL),
(2970, NULL, 29, 'Lancia Theta', NULL, NULL),
(2971, NULL, 29, 'Lancia Trikappa', NULL, NULL),
(2972, NULL, 29, 'Lancia Voyager', NULL, NULL),
(2973, NULL, 29, 'Lancia Y', NULL, NULL),
(2974, NULL, 29, 'Lancia Y10', NULL, NULL),
(2975, NULL, 29, 'Lancia Ypsilon', NULL, NULL),
(2976, NULL, 29, 'Lancia Zeta', NULL, NULL),
(2977, NULL, 29, 'Lancia Zeta-12/15hp', NULL, NULL),
(2978, NULL, 30, 'Land Rover 101 Forward Control', NULL, NULL),
(2979, NULL, 30, 'Land Rover Defender', NULL, NULL),
(2980, NULL, 30, 'Land Rover Discovery', NULL, NULL),
(2981, NULL, 30, 'Land Rover Freelander', NULL, NULL),
(2982, NULL, 30, 'Range Rover', NULL, NULL),
(2983, NULL, 30, 'Range Rover Evoque', NULL, NULL),
(2984, NULL, 30, 'Range Rover Sport', NULL, NULL),
(2985, NULL, 31, 'Lexus CT', NULL, NULL),
(2986, NULL, 31, 'Lexus ES', NULL, NULL),
(2987, NULL, 31, 'Lexus GS', NULL, NULL),
(2988, NULL, 31, 'Lexus GX', NULL, NULL),
(2989, NULL, 31, 'Lexus IS', NULL, NULL),
(2990, NULL, 31, 'Lexus LFA', NULL, NULL),
(2991, NULL, 31, 'Lexus LX', NULL, NULL),
(2992, NULL, 31, 'Lexus NX', NULL, NULL),
(2993, NULL, 31, 'Lexus RX', NULL, NULL),
(2994, NULL, 31, 'Lexus SC', NULL, NULL),
(2995, NULL, 31, 'Lexus UX', NULL, NULL),
(2996, NULL, 32, 'Lotus 2-Eleven', NULL, NULL),
(2997, NULL, 32, 'Lotus 38', NULL, NULL),
(2998, NULL, 32, 'Lotus 48', NULL, NULL),
(2999, NULL, 32, 'Lotus 340R', NULL, NULL),
(3000, NULL, 32, 'Lotus Elan', NULL, NULL),
(3001, NULL, 32, 'Lotus Elise', NULL, NULL),
(3002, NULL, 32, 'Lotus Esprit', NULL, NULL),
(3003, NULL, 32, 'Lotus Europa S', NULL, NULL),
(3004, NULL, 32, 'Lotus Evora', NULL, NULL),
(3005, NULL, 32, 'Lotus Excel', NULL, NULL),
(3006, NULL, 32, 'Lotus Exige', NULL, NULL),
(3007, NULL, 32, 'Lotus Mark I', NULL, NULL),
(3008, NULL, 32, 'Lotus Mark II', NULL, NULL),
(3009, NULL, 32, 'Lotus Seven', NULL, NULL),
(3010, NULL, 33, 'Maserati 8CM', NULL, NULL),
(3011, NULL, 33, 'Maserati 3200 GT', NULL, NULL),
(3012, NULL, 33, 'Maserati 5000 GT', NULL, NULL),
(3013, NULL, 33, 'Maserati A6', NULL, NULL),
(3014, NULL, 33, 'Maserati Biturbo', NULL, NULL),
(3015, NULL, 33, 'Maserati Coupe/Spyder', NULL, NULL),
(3016, NULL, 33, 'Maserati Ghibli', NULL, NULL),
(3017, NULL, 33, 'Maserati GranTurismo', NULL, NULL),
(3018, NULL, 33, 'Maserati Khamsin', NULL, NULL),
(3019, NULL, 33, 'Maserati Levante', NULL, NULL),
(3020, NULL, 33, 'Maserati Quattroporte', NULL, NULL),
(3021, NULL, 33, 'Maserati Sebring', NULL, NULL),
(3022, NULL, 34, 'Mazda 3', NULL, NULL),
(3023, NULL, 34, 'Mazda 5', NULL, NULL),
(3024, NULL, 34, 'Mazda 6', NULL, NULL),
(3025, NULL, 34, 'Mazda 323', NULL, NULL),
(3026, NULL, 34, 'Mazda 626', NULL, NULL),
(3027, NULL, 34, 'Mazda 787B', NULL, NULL),
(3028, NULL, 34, 'Mazda Atenza', NULL, NULL),
(3029, NULL, 34, 'Mazda Axela', NULL, NULL),
(3030, NULL, 34, 'Mazda Serie B', NULL, NULL),
(3031, NULL, 34, 'Mazda BT-50', NULL, NULL),
(3032, NULL, 34, 'Mazda Chantez', NULL, NULL),
(3033, NULL, 34, 'Mazda CX-3', NULL, NULL),
(3034, NULL, 34, 'Mazda CX-5', NULL, NULL),
(3035, NULL, 34, 'Mazda CX-7', NULL, NULL),
(3036, NULL, 34, 'Mazda CX-9', NULL, NULL),
(3037, NULL, 34, 'Mazda Demio', NULL, NULL),
(3038, NULL, 34, 'Mazda Furai', NULL, NULL),
(3039, NULL, 34, 'Mazda Cosmo', NULL, NULL),
(3040, NULL, 34, 'Mazda Miata', NULL, NULL),
(3041, NULL, 34, 'Mazda Millenia', NULL, NULL),
(3042, NULL, 34, 'Mazda Minagi Concept', NULL, NULL),
(3043, NULL, 34, 'Mazda MX-5', NULL, NULL),
(3044, NULL, 34, 'Mazda MXR-01', NULL, NULL),
(3045, NULL, 34, 'Mazda Navajo', NULL, NULL),
(3046, NULL, 34, 'Mazda Premacy', NULL, NULL),
(3047, NULL, 34, 'Mazda RX-8', NULL, NULL),
(3048, NULL, 34, 'Mazda RX-7', NULL, NULL),
(3049, NULL, 34, 'Mazda T', NULL, NULL),
(3050, NULL, 34, 'Mazda Takeri Concept', NULL, NULL),
(3051, NULL, 34, 'Mazda Tribute', NULL, NULL),
(3052, NULL, 34, 'Mazda Xedos', NULL, NULL),
(3053, NULL, 35, 'Mercedes 35 CV', NULL, NULL),
(3054, NULL, 35, 'Mercedes-Benz 190', NULL, NULL),
(3055, NULL, 35, 'Mercedes-Benz 190 SL', NULL, NULL),
(3056, NULL, 35, 'Mercedes-Benz 300 SL', NULL, NULL),
(3057, NULL, 35, 'Mercedes-Benz 300SEL 6.3', NULL, NULL),
(3058, NULL, 35, 'Mercedes-Benz 600', NULL, NULL),
(3059, NULL, 35, 'Mercedes-Benz 770', NULL, NULL),
(3060, NULL, 35, 'Mercedes-Benz Clase A', NULL, NULL),
(3061, NULL, 35, 'Mercedes-Benz Actros', NULL, NULL),
(3062, NULL, 35, 'Mercedes-Benz Clase B', NULL, NULL),
(3063, NULL, 35, 'Benz Patent-Motorwagen', NULL, NULL),
(3064, NULL, 35, 'Mercedes-Benz Clase C', NULL, NULL),
(3065, NULL, 35, 'Mercedes-Benz C111', NULL, NULL),
(3066, NULL, 35, 'Mercedes-Benz C112', NULL, NULL),
(3067, NULL, 35, 'Mercedes-Benz Citan', NULL, NULL),
(3068, NULL, 35, 'Mercedes-Benz Clase CL', NULL, NULL),
(3069, NULL, 35, 'Mercedes-Benz Clase C Sportcoupe', NULL, NULL),
(3070, NULL, 35, 'Mercedes-Benz Clase CLC', NULL, NULL),
(3071, NULL, 35, 'Mercedes-Benz Clase CLK', NULL, NULL),
(3072, NULL, 35, 'Mercedes-Benz Clase CLS', NULL, NULL),
(3073, NULL, 35, 'Mercedes-Benz W212 E63 AMG', NULL, NULL),
(3074, NULL, 35, 'Mercedes-Benz Econic', NULL, NULL),
(3075, NULL, 35, 'Mercedes-Benz Clase G', NULL, NULL),
(3076, NULL, 35, 'Mercedes-Benz Clase GLS', NULL, NULL),
(3077, NULL, 35, 'Mercedes-Benz Clase GLA', NULL, NULL),
(3078, NULL, 35, 'Mercedes-Benz Clase GLE', NULL, NULL),
(3079, NULL, 35, 'Mercedes-Benz Clase GLC', NULL, NULL),
(3080, NULL, 35, 'Mercedes-AMG GT', NULL, NULL),
(3081, NULL, 35, 'Mercedes-Benz L 319', NULL, NULL),
(3082, NULL, 35, 'Mercedes-Benz MB 100', NULL, NULL),
(3083, NULL, 35, 'Mercedes-Benz Clase E', NULL, NULL),
(3084, NULL, 35, 'Mercedes-Benz Clase S', NULL, NULL),
(3085, NULL, 35, 'Mercedes-Benz N1300', NULL, NULL),
(3086, NULL, 35, 'Mercedes-Benz Necar 5', NULL, NULL),
(3087, NULL, 35, 'Mercedes-Benz Clase R', NULL, NULL),
(3088, NULL, 35, 'Mercedes-Benz R107', NULL, NULL),
(3089, NULL, 35, 'Mercedes S63 AMG', NULL, NULL),
(3090, NULL, 35, 'Mercedes S65 AMG', NULL, NULL),
(3091, NULL, 35, 'Mercedes Simplex', NULL, NULL),
(3092, NULL, 35, 'Mercedes-Benz Clase SL', NULL, NULL),
(3093, NULL, 35, 'Mercedes SL 65 AMG Black Series Edition', NULL, NULL),
(3094, NULL, 35, 'Mercedes-Benz Clase SLC', NULL, NULL),
(3095, NULL, 35, 'Mercedes-Benz SLK', NULL, NULL),
(3096, NULL, 35, 'Mercedes-Benz SLR McLaren', NULL, NULL),
(3097, NULL, 35, 'Mercedes-Benz SLS AMG', NULL, NULL),
(3098, NULL, 35, 'Mercedes-Benz SS', NULL, NULL),
(3099, NULL, 35, 'Mercedes-Benz SSK', NULL, NULL),
(3100, NULL, 35, 'Mercedes-Benz T2', NULL, NULL),
(3101, NULL, 35, 'Mercedes-Benz Vaneo', NULL, NULL),
(3102, NULL, 35, 'Mercedes-Benz Vito', NULL, NULL),
(3103, NULL, 35, 'Mercedes-Benz W114/W115', NULL, NULL),
(3104, NULL, 35, 'Mercedes-Benz W123', NULL, NULL),
(3105, NULL, 35, 'Mercedes-Benz W125', NULL, NULL),
(3106, NULL, 35, 'Mercedes-Benz W180', NULL, NULL),
(3107, NULL, 35, 'Mercedes-Benz W201', NULL, NULL),
(3108, NULL, 36, 'Mini Beachcomber', NULL, NULL),
(3109, NULL, 36, 'Mini Clubman', NULL, NULL),
(3110, NULL, 36, 'Mini Countryman', NULL, NULL),
(3111, NULL, 36, 'Mini Paceman', NULL, NULL),
(3112, NULL, 36, 'Mini E', NULL, NULL),
(3113, NULL, 36, 'Mini John Cooper Works WRC', NULL, NULL),
(3114, NULL, 36, 'Mini All4 Racing', NULL, NULL),
(3115, NULL, 36, 'Mini Coupe and Roadster', NULL, NULL),
(3116, NULL, 36, 'Mini Hatch', NULL, NULL),
(3117, NULL, 37, 'Mitsubishi RVR', NULL, NULL),
(3118, NULL, 37, 'Mitsubishi Carisma', NULL, NULL),
(3119, NULL, 37, 'Mitsubishi Chariot', NULL, NULL),
(3120, NULL, 37, 'Mitsubishi Colt', NULL, NULL),
(3121, NULL, 37, 'Mitsubishi Concept-RA', NULL, NULL),
(3122, NULL, 37, 'Mitsubishi Eclipse', NULL, NULL),
(3123, NULL, 37, 'Mitsubishi Endeavor', NULL, NULL),
(3124, NULL, 37, 'Mitsubishi Galant', NULL, NULL),
(3125, NULL, 37, 'Mitsubishi Galant VR-4', NULL, NULL),
(3126, NULL, 37, 'Mitsubishi Grandis', NULL, NULL),
(3127, NULL, 37, 'Mitsubishi i-MiEV', NULL, NULL),
(3128, NULL, 37, 'Mitsubishi L200', NULL, NULL),
(3129, NULL, 37, 'Mitsubishi Lancer', NULL, NULL),
(3130, NULL, 37, 'Mitsubishi Lancer Evolution', NULL, NULL),
(3131, NULL, 37, 'Mitsubishi Montero', NULL, NULL),
(3132, NULL, 37, 'Mitsubishi Nativa', NULL, NULL),
(3133, NULL, 37, 'Mitsubishi Outlander', NULL, NULL),
(3134, NULL, 37, 'Mitsubishi RVR', NULL, NULL),
(3135, NULL, 39, 'Nissan 260Z', NULL, NULL),
(3136, NULL, 39, 'Nissan 280 ZX', NULL, NULL),
(3137, NULL, 39, 'Nissan 300 ZX', NULL, NULL),
(3138, NULL, 39, 'Nissan 350Z', NULL, NULL),
(3139, NULL, 39, 'Nissan 370Z', NULL, NULL),
(3140, NULL, 39, 'Nissan Almera', NULL, NULL),
(3141, NULL, 39, 'Nissan Armada', NULL, NULL),
(3142, NULL, 39, 'Nissan Kicks', NULL, NULL),
(3143, NULL, 39, 'Nissan Cube', NULL, NULL),
(3144, NULL, 39, 'Nissan Esflow', NULL, NULL),
(3145, NULL, 39, 'Nissan Fairlady Z', NULL, NULL),
(3146, NULL, 39, 'Nissan Figaro', NULL, NULL),
(3147, NULL, 39, 'Nissan Frontier', NULL, NULL),
(3148, NULL, 39, 'Nissan GT-R', NULL, NULL),
(3149, NULL, 39, 'Nissan Interstar', NULL, NULL),
(3150, NULL, 39, 'Nissan Juke', NULL, NULL),
(3151, NULL, 39, 'Nissan Kubistar', NULL, NULL),
(3152, NULL, 39, 'Nissan Latio', NULL, NULL),
(3153, NULL, 39, 'Nissan Leaf', NULL, NULL),
(3154, NULL, 39, 'Nissan Livina', NULL, NULL),
(3155, NULL, 39, 'Nissan Lucino', NULL, NULL),
(3156, NULL, 39, 'Nissan Maxima', NULL, NULL),
(3157, NULL, 39, 'Nissan March', NULL, NULL),
(3158, NULL, 39, 'Nissan Micra', NULL, NULL),
(3159, NULL, 39, 'Nissan Murano', NULL, NULL),
(3160, NULL, 39, 'Nissan Navara', NULL, NULL),
(3161, NULL, 39, 'Nissan Note', NULL, NULL),
(3162, NULL, 39, 'Nissan NV200', NULL, NULL),
(3163, NULL, 39, 'Nissan Pathfinder', NULL, NULL),
(3164, NULL, 39, 'Nissan Patrol', NULL, NULL),
(3165, NULL, 39, 'Nissan Pixo', NULL, NULL),
(3166, NULL, 39, 'Nissan Platina', NULL, NULL),
(3167, NULL, 39, 'Nissan Primastar', NULL, NULL),
(3168, NULL, 39, 'Nissan Primera', NULL, NULL),
(3169, NULL, 39, 'Nissan Qashqai', NULL, NULL),
(3170, NULL, 39, 'Nissan Quest', NULL, NULL),
(3171, NULL, 39, 'Nissan R90C', NULL, NULL),
(3172, NULL, 39, 'Nissan Sentra', NULL, NULL),
(3173, NULL, 39, 'Nissan Serena', NULL, NULL),
(3174, NULL, 39, 'Nissan Sileighty', NULL, NULL),
(3175, NULL, 39, 'Nissan Silvia', NULL, NULL),
(3176, NULL, 39, 'Nissan Skyline', NULL, NULL),
(3177, NULL, 39, 'Nissan Skyline Crossover', NULL, NULL),
(3178, NULL, 39, 'Nissan Teana', NULL, NULL),
(3179, NULL, 39, 'Nissan Terrano II', NULL, NULL),
(3180, NULL, 39, 'Nissan Tiida', NULL, NULL),
(3181, NULL, 39, 'Nissan Titan', NULL, NULL),
(3182, NULL, 39, 'Nissan Trade', NULL, NULL),
(3183, NULL, 39, 'Nissan Tsuru V16', NULL, NULL),
(3184, NULL, 39, 'Nissan URGE', NULL, NULL),
(3185, NULL, 39, 'Nissan Urvan', NULL, NULL),
(3186, NULL, 39, 'Nissan Vanette', NULL, NULL),
(3187, NULL, 39, 'Nissan Versa', NULL, NULL),
(3188, NULL, 40, 'Opel Admiral', NULL, NULL),
(3189, NULL, 40, 'Opel Adam', NULL, NULL),
(3190, NULL, 40, 'Opel Agila', NULL, NULL),
(3191, NULL, 40, 'Opel Antara', NULL, NULL),
(3192, NULL, 40, 'Opel Arena', NULL, NULL),
(3193, NULL, 40, 'Opel Ascona', NULL, NULL),
(3194, NULL, 40, 'Opel Astra', NULL, NULL),
(3195, NULL, 40, 'Opel Blitz', NULL, NULL),
(3196, NULL, 40, 'Opel Combo', NULL, NULL),
(3197, NULL, 40, 'Opel Calibra', NULL, NULL),
(3198, NULL, 40, 'Opel Corsa', NULL, NULL),
(3199, NULL, 40, 'Opel Diplomat', NULL, NULL),
(3200, NULL, 40, 'Opel Frontera', NULL, NULL),
(3201, NULL, 40, 'Opel Grandland X', NULL, NULL),
(3202, NULL, 40, 'Opel GT', NULL, NULL),
(3203, NULL, 40, 'Opel Insignia', NULL, NULL),
(3204, NULL, 40, 'Opel K-180', NULL, NULL),
(3205, NULL, 40, 'Opel Kadett', NULL, NULL),
(3206, NULL, 40, 'Opel Kapitan', NULL, NULL),
(3207, NULL, 40, 'Opel Manta', NULL, NULL),
(3208, NULL, 40, 'Opel Crossland X', NULL, NULL),
(3209, NULL, 40, 'Opel Meriva', NULL, NULL),
(3210, NULL, 40, 'Opel Mokka', NULL, NULL),
(3211, NULL, 40, 'Opel Monterey', NULL, NULL),
(3212, NULL, 40, 'Opel Monza', NULL, NULL),
(3213, NULL, 40, 'Opel Movano', NULL, NULL),
(3214, NULL, 40, 'Buick Cascada', NULL, NULL),
(3215, NULL, 40, 'Opel Omega', NULL, NULL),
(3216, NULL, 40, 'Opel Olympia', NULL, NULL),
(3217, NULL, 40, 'Opel Rekord', NULL, NULL),
(3218, NULL, 40, 'Opel Senator', NULL, NULL),
(3219, NULL, 40, 'Opel Signum', NULL, NULL),
(3220, NULL, 40, 'Opel Speedster', NULL, NULL),
(3221, NULL, 40, 'Opel Tigra', NULL, NULL),
(3222, NULL, 40, 'Opel Vectra', NULL, NULL),
(3223, NULL, 40, 'Opel Vivaro', NULL, NULL),
(3224, NULL, 40, 'Opel Zafira', NULL, NULL),
(3225, NULL, 41, 'Peugeot 104', NULL, NULL),
(3226, NULL, 41, 'Peugeot 106', NULL, NULL),
(3227, NULL, 41, 'Peugeot 108', NULL, NULL),
(3228, NULL, 41, 'Peugeot 201', NULL, NULL),
(3229, NULL, 41, 'Peugeot 202', NULL, NULL),
(3230, NULL, 41, 'Peugeot 203', NULL, NULL),
(3231, NULL, 41, 'Peugeot 204', NULL, NULL),
(3232, NULL, 41, 'Peugeot 205', NULL, NULL),
(3233, NULL, 41, 'Peugeot 206', NULL, NULL),
(3234, NULL, 41, 'Peugeot 207', NULL, NULL),
(3235, NULL, 41, 'Peugeot 207 Compact', NULL, NULL),
(3236, NULL, 41, 'Peugeot 208', NULL, NULL),
(3237, NULL, 41, 'Peugeot 301', NULL, NULL),
(3238, NULL, 41, 'Peugeot 304', NULL, NULL),
(3239, NULL, 41, 'Peugeot 305', NULL, NULL),
(3240, NULL, 41, 'Peugeot 306', NULL, NULL),
(3241, NULL, 41, 'Peugeot 307', NULL, NULL),
(3242, NULL, 41, 'Peugeot 308', NULL, NULL),
(3243, NULL, 41, 'Peugeot 309', NULL, NULL),
(3244, NULL, 41, 'Peugeot 401', NULL, NULL),
(3245, NULL, 41, 'Peugeot 402', NULL, NULL),
(3246, NULL, 41, 'Peugeot 403', NULL, NULL),
(3247, NULL, 41, 'Peugeot 404', NULL, NULL),
(3248, NULL, 41, 'Peugeot 405', NULL, NULL),
(3249, NULL, 41, 'Peugeot 406', NULL, NULL),
(3250, NULL, 41, 'Peugeot 407', NULL, NULL),
(3251, NULL, 41, 'Peugeot 408', NULL, NULL),
(3252, NULL, 41, 'Peugeot 504', NULL, NULL),
(3253, NULL, 41, 'Peugeot 505', NULL, NULL),
(3254, NULL, 41, 'Peugeot 508', NULL, NULL),
(3255, NULL, 41, 'Peugeot 604', NULL, NULL),
(3256, NULL, 41, 'Peugeot 605', NULL, NULL),
(3257, NULL, 41, 'Peugeot 607', NULL, NULL),
(3258, NULL, 41, 'Peugeot 806', NULL, NULL),
(3259, NULL, 41, 'Peugeot 806 Runabout', NULL, NULL),
(3260, NULL, 41, 'Peugeot 807', NULL, NULL),
(3261, NULL, 41, 'Peugeot 907', NULL, NULL),
(3262, NULL, 41, 'Peugeot 908 RC', NULL, NULL),
(3263, NULL, 41, 'Peugeot 1007', NULL, NULL),
(3264, NULL, 41, 'Peugeot 2008', NULL, NULL),
(3265, NULL, 41, 'Peugeot 3008', NULL, NULL),
(3266, NULL, 41, 'Peugeot 4007', NULL, NULL),
(3267, NULL, 41, 'Peugeot 4008', NULL, NULL),
(3268, NULL, 41, 'Peugeot 5008', NULL, NULL),
(3269, NULL, 41, 'Peugeot Bipper', NULL, NULL),
(3270, NULL, 41, 'Peugeot Boxer', NULL, NULL),
(3271, NULL, 41, 'Citycar (PSA/Toyota)', NULL, NULL),
(3272, NULL, 41, 'Peugeot EX3', NULL, NULL),
(3273, NULL, 41, 'Peugeot Expert', NULL, NULL),
(3274, NULL, 41, 'Peugeot Hoggar', NULL, NULL),
(3275, NULL, 41, 'Peugeot J5', NULL, NULL),
(3276, NULL, 41, 'Peugeot L76', NULL, NULL),
(3277, NULL, 41, 'Peugeot Onyx', NULL, NULL),
(3278, NULL, 41, 'Peugeot Oxia', NULL, NULL),
(3279, NULL, 41, 'Peugeot e-Legend', NULL, NULL),
(3280, NULL, 41, 'Peugeot P4', NULL, NULL),
(3281, NULL, 41, 'Peugeot RCZ', NULL, NULL),
(3282, NULL, 41, 'Peugeot Tipo 1', NULL, NULL),
(3283, NULL, 41, 'Peugeot Tipo 4', NULL, NULL),
(3284, NULL, 41, 'Peugeot Tipo 8', NULL, NULL),
(3285, NULL, 41, 'Peugeot Tipo 10', NULL, NULL),
(3286, NULL, 41, 'Peugeot Tipo 56', NULL, NULL),
(3287, NULL, 41, 'Peugeot Tipo 58', NULL, NULL),
(3288, NULL, 41, 'Peugeot Tipo 69', NULL, NULL),
(3289, NULL, 41, 'Peugeot Tipo 105', NULL, NULL),
(3290, NULL, 41, 'Peugeot Tipo 163', NULL, NULL),
(3291, NULL, 41, 'Peugeot Tipo 176', NULL, NULL),
(3292, NULL, 41, 'Peugeot Tipo 190', NULL, NULL),
(3293, NULL, 42, 'Pontiac Fiero', NULL, NULL),
(3294, NULL, 42, 'Pontiac Firebird', NULL, NULL),
(3295, NULL, 42, 'Pontiac Firefly', NULL, NULL),
(3296, NULL, 42, 'Pontiac G5', NULL, NULL),
(3297, NULL, 42, 'Pontiac G6', NULL, NULL),
(3298, NULL, 42, 'Pontiac G8', NULL, NULL),
(3299, NULL, 42, 'Pontiac Grand Am', NULL, NULL),
(3300, NULL, 42, 'Pontiac Grand Prix', NULL, NULL),
(3301, NULL, 42, 'Pontiac GTO', NULL, NULL),
(3302, NULL, 42, 'Pontiac LeMans', NULL, NULL),
(3303, NULL, 42, 'Pontiac Matiz', NULL, NULL),
(3304, NULL, 42, 'Pontiac Aztek', NULL, NULL),
(3305, NULL, 42, 'Pontiac Phoenix', NULL, NULL),
(3306, NULL, 42, 'Pontiac Solstice', NULL, NULL),
(3307, NULL, 42, 'Pontiac Sunbird', NULL, NULL),
(3308, NULL, 42, 'Pontiac Sunfire', NULL, NULL),
(3309, NULL, 42, 'Pontiac Tempest', NULL, NULL),
(3310, NULL, 42, 'Pontiac Torrent', NULL, NULL),
(3311, NULL, 42, 'Pontiac Ventura', NULL, NULL),
(3312, NULL, 42, 'Pontiac Vibe', NULL, NULL),
(3313, NULL, 43, 'Porsche 64', NULL, NULL),
(3314, NULL, 43, 'Porsche 356', NULL, NULL),
(3315, NULL, 43, 'Porsche 597', NULL, NULL),
(3316, NULL, 43, 'Porsche 695', NULL, NULL),
(3317, NULL, 43, 'Porsche 901', NULL, NULL),
(3318, NULL, 43, 'Porsche 904 GTS', NULL, NULL),
(3319, NULL, 43, 'Porsche 911', NULL, NULL),
(3320, NULL, 43, 'Porsche 911 Carrera RSR Turbo', NULL, NULL),
(3321, NULL, 43, 'Porsche 911 GT2', NULL, NULL),
(3322, NULL, 43, 'Porsche 911 GT3 RS', NULL, NULL),
(3323, NULL, 43, 'Porsche 914', NULL, NULL),
(3324, NULL, 43, 'Porsche 918', NULL, NULL),
(3325, NULL, 43, 'Porsche 924', NULL, NULL),
(3326, NULL, 43, 'Porsche 928', NULL, NULL),
(3327, NULL, 43, 'Porsche 931 Club Sport', NULL, NULL),
(3328, NULL, 43, 'Porsche 942', NULL, NULL),
(3329, NULL, 43, 'Porsche 944', NULL, NULL),
(3330, NULL, 43, 'Porsche 959', NULL, NULL),
(3331, NULL, 43, 'Porsche 968', NULL, NULL),
(3332, NULL, 43, 'Porsche Boxster', NULL, NULL),
(3333, NULL, 43, 'Porsche C88', NULL, NULL),
(3334, NULL, 43, 'Porsche Cajun', NULL, NULL),
(3335, NULL, 43, 'Porsche Carrera GT', NULL, NULL),
(3336, NULL, 43, 'Porsche Cayenne', NULL, NULL),
(3337, NULL, 43, 'Porsche Cayman', NULL, NULL);
INSERT INTO `modelo_vehiculo` (`id`, `vigencia`, `marca_vehiculo_id`, `descripcion`, `created_at`, `updated_at`) VALUES
(3338, NULL, 43, 'Porsche Junior', NULL, NULL),
(3339, NULL, 43, 'Porsche Macan', NULL, NULL),
(3340, NULL, 43, 'Porsche Panamera', NULL, NULL),
(3341, NULL, 43, 'Porsche Spirit', NULL, NULL),
(3342, NULL, 43, 'Porsche Super', NULL, NULL),
(3343, NULL, 44, 'Renault 3', NULL, NULL),
(3344, NULL, 44, 'Renault 4', NULL, NULL),
(3345, NULL, 44, 'Renault 4 furgoneta', NULL, NULL),
(3346, NULL, 44, 'Renault 40CV', NULL, NULL),
(3347, NULL, 44, 'Renault 4CV', NULL, NULL),
(3348, NULL, 44, 'Renault 5', NULL, NULL),
(3349, NULL, 44, 'Renault 6', NULL, NULL),
(3350, NULL, 44, 'Renault 7', NULL, NULL),
(3351, NULL, 44, 'Renault 8', NULL, NULL),
(3352, NULL, 44, 'Renault 9/11', NULL, NULL),
(3353, NULL, 44, 'Renault 10', NULL, NULL),
(3354, NULL, 44, 'Renault 12', NULL, NULL),
(3355, NULL, 44, 'Renault 14', NULL, NULL),
(3356, NULL, 44, 'Renault 15/17', NULL, NULL),
(3357, NULL, 44, 'Renault 16', NULL, NULL),
(3358, NULL, 44, 'Renault 18', NULL, NULL),
(3359, NULL, 44, 'Renault 19', NULL, NULL),
(3360, NULL, 44, 'Renault 20/30', NULL, NULL),
(3361, NULL, 44, 'Renault 21', NULL, NULL),
(3362, NULL, 44, 'Renault 25', NULL, NULL),
(3363, NULL, 44, 'Renault 900', NULL, NULL),
(3364, NULL, 44, 'Alpine A110', NULL, NULL),
(3365, NULL, 44, 'Alpine A610', NULL, NULL),
(3366, NULL, 44, 'Renault Altica', NULL, NULL),
(3367, NULL, 44, 'Renault Argos', NULL, NULL),
(3368, NULL, 44, 'Renault Arkana', NULL, NULL),
(3369, NULL, 44, 'Renault Avantime', NULL, NULL),
(3370, NULL, 44, 'Renault Be Bop', NULL, NULL),
(3371, NULL, 44, 'Renault Captur', NULL, NULL),
(3372, NULL, 44, 'Renault Caravelle', NULL, NULL),
(3373, NULL, 44, 'Renault Celtaquatre', NULL, NULL),
(3374, NULL, 44, 'Renault Clio', NULL, NULL),
(3375, NULL, 44, 'Renault Dauphine', NULL, NULL),
(3376, NULL, 44, 'Renault Duster', NULL, NULL),
(3377, NULL, 44, 'Renault Duster Oroch', NULL, NULL),
(3378, NULL, 44, 'Renault Egeus', NULL, NULL),
(3379, NULL, 44, 'Renault Espace', NULL, NULL),
(3380, NULL, 44, 'Renault Express', NULL, NULL),
(3381, NULL, 44, 'Renault Fluence', NULL, NULL),
(3382, NULL, 44, 'Renault Fregate', NULL, NULL),
(3383, NULL, 44, 'Renault Fuego', NULL, NULL),
(3384, NULL, 44, 'Renault Grand Modus', NULL, NULL),
(3385, NULL, 44, 'Renault Juvaquatre', NULL, NULL),
(3386, NULL, 44, 'Renault Kadjar', NULL, NULL),
(3387, NULL, 44, 'Renault Kangoo', NULL, NULL),
(3388, NULL, 44, 'Renault Kerax', NULL, NULL),
(3389, NULL, 44, 'Renault Koleos', NULL, NULL),
(3390, NULL, 44, 'Renault Kwid', NULL, NULL),
(3391, NULL, 44, 'Renault Laguna', NULL, NULL),
(3392, NULL, 44, 'Renault Latitude', NULL, NULL),
(3393, NULL, 44, 'Renault Magnum', NULL, NULL),
(3394, NULL, 44, 'Renault Mascott', NULL, NULL),
(3395, NULL, 44, 'Renault Master', NULL, NULL),
(3396, NULL, 44, 'Renault Maxity', NULL, NULL),
(3397, NULL, 44, 'Renault Megane', NULL, NULL),
(3398, NULL, 44, 'Renault Megane III RS Trophy', NULL, NULL),
(3399, NULL, 44, 'Renault Modus', NULL, NULL),
(3400, NULL, 44, 'Renault Monaquatre', NULL, NULL),
(3401, NULL, 44, 'Renault Nepta', NULL, NULL),
(3402, NULL, 44, 'Renault Premium Distribution', NULL, NULL),
(3403, NULL, 44, 'Renault Premium Lander', NULL, NULL),
(3404, NULL, 44, 'Renault Premium Long Distance', NULL, NULL),
(3405, NULL, 44, 'Renault Racoon', NULL, NULL),
(3406, NULL, 44, 'Renault Espace F1', NULL, NULL),
(3407, NULL, 44, 'Renault Nervastella', NULL, NULL),
(3408, NULL, 44, 'Renault Safrane', NULL, NULL),
(3409, NULL, 44, 'Renault Sandero', NULL, NULL),
(3410, NULL, 44, 'Dacia Sandero', NULL, NULL),
(3411, NULL, 44, 'Renault Scenic', NULL, NULL),
(3412, NULL, 44, 'Renault Samsung SM7', NULL, NULL),
(3413, NULL, 44, 'Renault Sport R.S. 01', NULL, NULL),
(3414, NULL, 44, 'Renault Supercinco', NULL, NULL),
(3415, NULL, 44, 'Renault Symbol', NULL, NULL),
(3416, NULL, 44, 'Renault Talisman', NULL, NULL),
(3417, NULL, 44, 'Renault Trafic', NULL, NULL),
(3418, NULL, 44, 'Renault Trucks T', NULL, NULL),
(3419, NULL, 44, 'Renault Twingo', NULL, NULL),
(3420, NULL, 44, 'Renault Twizy', NULL, NULL),
(3421, NULL, 44, 'Renault Vel Satis', NULL, NULL),
(3422, NULL, 44, 'Renault Vesta 2', NULL, NULL),
(3423, NULL, 44, 'Renault Voiturette', NULL, NULL),
(3424, NULL, 44, 'Renault Wind', NULL, NULL),
(3425, NULL, 45, 'Rolls-Royce 25/30', NULL, NULL),
(3426, NULL, 45, 'Rolls-Royce 30 hp', NULL, NULL),
(3427, NULL, 45, 'Rolls-Royce Camargue', NULL, NULL),
(3428, NULL, 45, 'Rolls-Royce Corniche', NULL, NULL),
(3429, NULL, 45, 'Rolls-Royce Cullinan', NULL, NULL),
(3430, NULL, 45, 'Rolls-Royce Phantom', NULL, NULL),
(3431, NULL, 45, 'Rolls-Royce Phantom I', NULL, NULL),
(3432, NULL, 45, 'Rolls-Royce Phantom II', NULL, NULL),
(3433, NULL, 45, 'Rolls-Royce Phantom III', NULL, NULL),
(3434, NULL, 45, 'Rolls-Royce Phantom IV', NULL, NULL),
(3435, NULL, 45, 'Rolls-Royce Phantom V', NULL, NULL),
(3436, NULL, 45, 'Rolls-Royce Phantom VI', NULL, NULL),
(3437, NULL, 45, 'Rolls-Royce Silver Cloud', NULL, NULL),
(3438, NULL, 45, 'Rolls-Royce Silver Dawn', NULL, NULL),
(3439, NULL, 45, 'Rolls-Royce Silver Ghost', NULL, NULL),
(3440, NULL, 45, 'Rolls-Royce Silver Seraph', NULL, NULL),
(3441, NULL, 45, 'Rolls-Royce Silver Shadow', NULL, NULL),
(3442, NULL, 45, 'Rolls-Royce Silver Spirit', NULL, NULL),
(3443, NULL, 45, 'Rolls-Royce Silver Wraith', NULL, NULL),
(3444, NULL, 45, 'Rolls-Royce Twenty', NULL, NULL),
(3445, NULL, 45, 'Rolls-Royce V-8', NULL, NULL),
(3446, NULL, 45, 'Rolls-Royce Wraith', NULL, NULL);

-- --------------------------------------------------------

--
-- Table structure for table `orden_trabajo`
--

CREATE TABLE `orden_trabajo` (
  `id` bigint(20) UNSIGNED NOT NULL,
  `vigencia` int(11) DEFAULT NULL,
  `servicio_id` bigint(20) UNSIGNED DEFAULT NULL,
  `estado_orden_trabajo_id` bigint(20) UNSIGNED DEFAULT NULL,
  `fecha_inicio` date NOT NULL,
  `fecha_termino` date NOT NULL,
  `color_original` varchar(45) DEFAULT NULL,
  `color_aplicar` varchar(45) DEFAULT NULL,
  `numero_cotizacion` int(11) DEFAULT NULL,
  `orden_compra` int(11) DEFAULT NULL,
  `descripcion` varchar(45) NOT NULL DEFAULT '',
  `created_at` timestamp NULL DEFAULT NULL,
  `updated_at` timestamp NULL DEFAULT NULL
) ENGINE=InnoDB DEFAULT CHARSET=utf8;

-- --------------------------------------------------------

--
-- Table structure for table `password_resets`
--

CREATE TABLE `password_resets` (
  `email` varchar(255) COLLATE utf8mb4_unicode_ci NOT NULL,
  `token` varchar(255) COLLATE utf8mb4_unicode_ci NOT NULL,
  `created_at` timestamp NULL DEFAULT NULL
) ENGINE=InnoDB DEFAULT CHARSET=utf8mb4 COLLATE=utf8mb4_unicode_ci;

--
-- Dumping data for table `password_resets`
--

INSERT INTO `password_resets` (`email`, `token`, `created_at`) VALUES
('admin@emg.cl', '$2y$10$BzE1ranzG13RaOykkMusGum/WyN6Fe7Sgrh26KVcRfoKwvcol1kA6', '2021-06-13 03:13:57');

-- --------------------------------------------------------

--
-- Table structure for table `permissions`
--

CREATE TABLE `permissions` (
  `id` bigint(20) UNSIGNED NOT NULL,
  `name` varchar(255) COLLATE utf8mb4_unicode_ci NOT NULL,
  `guard_name` varchar(255) COLLATE utf8mb4_unicode_ci NOT NULL,
  `created_at` timestamp NULL DEFAULT NULL,
  `updated_at` timestamp NULL DEFAULT NULL
) ENGINE=InnoDB DEFAULT CHARSET=utf8mb4 COLLATE=utf8mb4_unicode_ci;

-- --------------------------------------------------------

--
-- Table structure for table `provincia`
--

CREATE TABLE `provincia` (
  `id` int(11) NOT NULL,
  `vigencia` int(11) DEFAULT NULL,
  `region_id` int(11) NOT NULL,
  `descripcion` varchar(45) NOT NULL DEFAULT ''
) ENGINE=InnoDB DEFAULT CHARSET=utf8;

--
-- Dumping data for table `provincia`
--

INSERT INTO `provincia` (`id`, `vigencia`, `region_id`, `descripcion`) VALUES
(1, NULL, 1, 'Arica'),
(2, NULL, 1, 'Parinacota'),
(3, NULL, 2, 'Iquique'),
(4, NULL, 2, 'El Tamarugal'),
(5, NULL, 3, 'Tocopilla'),
(6, NULL, 3, 'El Loa'),
(7, NULL, 3, 'Antofagasta'),
(8, NULL, 4, 'Chañaral'),
(9, NULL, 4, 'Copiapó'),
(10, NULL, 4, 'Huasco'),
(11, NULL, 5, 'Elqui'),
(12, NULL, 5, 'Limarí'),
(13, NULL, 5, 'Choapa'),
(14, NULL, 6, 'Petorca'),
(15, NULL, 6, 'Los Andes'),
(16, NULL, 6, 'San Felipe de Aconcagua'),
(17, NULL, 6, 'Quillota'),
(18, NULL, 6, 'Valparaiso'),
(19, NULL, 6, 'San Antonio'),
(20, NULL, 6, 'Isla de Pascua'),
(21, NULL, 6, 'Marga Marga'),
(22, NULL, 7, 'Chacabuco'),
(23, NULL, 7, 'Santiago'),
(24, NULL, 7, 'Cordillera'),
(25, NULL, 7, 'Maipo'),
(26, NULL, 7, 'Melipilla'),
(27, NULL, 7, 'Talagante'),
(28, NULL, 8, 'Cachapoal'),
(29, NULL, 8, 'Colchagua'),
(30, NULL, 8, 'Cardenal Caro'),
(31, NULL, 9, 'Curicó'),
(32, NULL, 9, 'Talca'),
(33, NULL, 9, 'Linares'),
(34, NULL, 9, 'Cauquenes'),
(35, NULL, 10, 'Diguillín'),
(36, NULL, 10, 'Itata'),
(37, NULL, 10, 'Punilla'),
(38, NULL, 11, 'Bio Bío'),
(39, NULL, 11, 'Concepción'),
(40, NULL, 11, 'Arauco'),
(41, NULL, 12, 'Malleco'),
(42, NULL, 12, 'Cautín'),
(43, NULL, 13, 'Valdivia'),
(44, NULL, 13, 'Ranco'),
(45, NULL, 14, 'Osorno'),
(46, NULL, 14, 'Llanquihue'),
(47, NULL, 14, 'Chiloé'),
(48, NULL, 14, 'Palena'),
(49, NULL, 15, 'Coyhaique'),
(50, NULL, 15, 'Aysén'),
(51, NULL, 15, 'General Carrera'),
(52, NULL, 15, 'Capitán Prat'),
(53, NULL, 16, 'Última Esperanza'),
(54, NULL, 16, 'Magallanes'),
(55, NULL, 16, 'Tierra del Fuego'),
(56, NULL, 16, 'Antártica Chilena');

-- --------------------------------------------------------

--
-- Table structure for table `region`
--

CREATE TABLE `region` (
  `id` int(11) NOT NULL,
  `vigencia` int(11) DEFAULT NULL,
  `descripcion` varchar(45) NOT NULL DEFAULT '',
  `abreviatura` varchar(4) NOT NULL,
  `capital` varchar(45) NOT NULL DEFAULT ''
) ENGINE=InnoDB DEFAULT CHARSET=utf8;

--
-- Dumping data for table `region`
--

INSERT INTO `region` (`id`, `vigencia`, `descripcion`, `abreviatura`, `capital`) VALUES
(1, NULL, 'Arica y Parinacota', 'AP', 'Arica'),
(2, NULL, 'Tarapacá', 'TA', 'Iquique'),
(3, NULL, 'Antofagasta', 'AN', 'Antofagasta'),
(4, NULL, 'Atacama', 'AT', 'Copiapó'),
(5, NULL, 'Coquimbo', 'CO', 'La Serena'),
(6, NULL, 'Valparaiso', 'VA', 'valparaíso'),
(7, NULL, 'Metropolitana de Santiago', 'RM', 'Santiago'),
(8, NULL, 'Libertador General Bernardo O\'Higgins', 'OH', 'Rancagua'),
(9, NULL, 'Maule', 'MA', 'Talca'),
(10, NULL, 'Ñuble', 'NB', 'Chillán'),
(11, NULL, 'Biobío', 'BI', 'Concepción'),
(12, NULL, 'La Araucanía', 'IAR', 'Temuco'),
(13, NULL, 'Los Ríos', 'LR', 'Valdivia'),
(14, NULL, 'Los Lagos', 'LL', 'Puerto Montt'),
(15, NULL, 'Aysén del General Carlos Ibáñez del Campo', 'AI', 'Coyhaique'),
(16, NULL, 'Magallanes y de la Antártica Chilena', 'MG', 'Punta Arenas');

-- --------------------------------------------------------

--
-- Table structure for table `roles`
--

CREATE TABLE `roles` (
  `id` bigint(20) UNSIGNED NOT NULL,
  `name` varchar(255) COLLATE utf8mb4_unicode_ci NOT NULL,
  `guard_name` varchar(255) COLLATE utf8mb4_unicode_ci NOT NULL,
  `created_at` timestamp NULL DEFAULT NULL,
  `updated_at` timestamp NULL DEFAULT NULL
) ENGINE=InnoDB DEFAULT CHARSET=utf8mb4 COLLATE=utf8mb4_unicode_ci;

-- --------------------------------------------------------

--
-- Table structure for table `servicio`
--

CREATE TABLE `servicio` (
  `id` bigint(20) UNSIGNED NOT NULL,
  `vigencia` int(11) DEFAULT NULL,
  `tipo_servicio_id` bigint(20) UNSIGNED DEFAULT NULL,
  `estado_servicio_id` bigint(20) UNSIGNED DEFAULT NULL,
  `vehiculo_id` bigint(20) UNSIGNED NOT NULL,
  `users_id` bigint(20) UNSIGNED DEFAULT NULL,
  `taller_id` bigint(20) UNSIGNED DEFAULT NULL,
  `observacion` varchar(45) DEFAULT NULL,
  `created_at` timestamp NOT NULL DEFAULT CURRENT_TIMESTAMP,
  `updated_at` timestamp NULL DEFAULT NULL,
  `km_actual` int(10) DEFAULT NULL,
  `km_proximo` int(10) DEFAULT NULL
) ENGINE=InnoDB DEFAULT CHARSET=utf8;

--
-- Dumping data for table `servicio`
--

INSERT INTO `servicio` (`id`, `vigencia`, `tipo_servicio_id`, `estado_servicio_id`, `vehiculo_id`, `users_id`, `taller_id`, `observacion`, `created_at`, `updated_at`, `km_actual`, `km_proximo`) VALUES
(1, 1, 1, 1, 1, 78, 33, 'Requiere mecanica', '2021-07-05 01:32:47', '2021-07-05 01:32:47', NULL, NULL);

-- --------------------------------------------------------

--
-- Table structure for table `taller`
--

CREATE TABLE `taller` (
  `id` bigint(20) UNSIGNED NOT NULL,
  `vigencia` int(11) NOT NULL,
  `rut` varchar(45) COLLATE utf8mb4_unicode_ci NOT NULL DEFAULT '',
  `descripcion` varchar(45) COLLATE utf8mb4_unicode_ci NOT NULL DEFAULT '',
  `razon_social` varchar(45) COLLATE utf8mb4_unicode_ci DEFAULT '',
  `direccion` varchar(45) COLLATE utf8mb4_unicode_ci DEFAULT '',
  `comuna_id` bigint(20) UNSIGNED DEFAULT NULL,
  `telefono_2` int(11) DEFAULT NULL,
  `telefono_1` int(11) DEFAULT NULL,
  `email` varchar(45) COLLATE utf8mb4_unicode_ci NOT NULL DEFAULT '',
  `representante` varchar(45) COLLATE utf8mb4_unicode_ci NOT NULL DEFAULT '',
  `fecha_contrato` date DEFAULT NULL,
  `calificacion` int(11) DEFAULT NULL,
  `created_at` timestamp NULL DEFAULT NULL,
  `updated_at` timestamp NULL DEFAULT NULL
) ENGINE=InnoDB DEFAULT CHARSET=utf8mb4 COLLATE=utf8mb4_unicode_ci;

--
-- Dumping data for table `taller`
--

INSERT INTO `taller` (`id`, `vigencia`, `rut`, `descripcion`, `razon_social`, `direccion`, `comuna_id`, `telefono_2`, `telefono_1`, `email`, `representante`, `fecha_contrato`, `calificacion`, `created_at`, `updated_at`) VALUES
(1, 0, '', 'no aplica', '', '', NULL, NULL, NULL, '', '', NULL, NULL, NULL, NULL),
(33, 1, '18010015-6', 'taller mecanico', 'taller mecanico ltda', 'balmaceda 123', 30, 975282426, 975282426, 'tm@tm.cl', 'Carlos Astudillo', '2021-05-08', 5, '2021-05-08 23:24:29', '2021-05-08 23:24:29');

-- --------------------------------------------------------

--
-- Table structure for table `tipo_cliente`
--

CREATE TABLE `tipo_cliente` (
  `id` bigint(20) UNSIGNED NOT NULL,
  `vigencia` varchar(11) COLLATE utf8mb4_unicode_ci DEFAULT NULL,
  `descripcion` varchar(45) COLLATE utf8mb4_unicode_ci NOT NULL DEFAULT '',
  `created_at` timestamp NULL DEFAULT NULL,
  `updated_at` timestamp NULL DEFAULT NULL
) ENGINE=InnoDB DEFAULT CHARSET=utf8mb4 COLLATE=utf8mb4_unicode_ci;

--
-- Dumping data for table `tipo_cliente`
--

INSERT INTO `tipo_cliente` (`id`, `vigencia`, `descripcion`, `created_at`, `updated_at`) VALUES
(1, '1', 'empresa', NULL, NULL),
(2, '1', 'particular', NULL, NULL),
(3, '1', 'no aplica', NULL, NULL);

-- --------------------------------------------------------

--
-- Table structure for table `tipo_motor`
--

CREATE TABLE `tipo_motor` (
  `id` bigint(20) UNSIGNED NOT NULL,
  `vigencia` int(11) NOT NULL,
  `descripcion` varchar(45) COLLATE utf8mb4_unicode_ci NOT NULL DEFAULT '',
  `created_at` timestamp NULL DEFAULT NULL,
  `updated_at` timestamp NULL DEFAULT NULL
) ENGINE=InnoDB DEFAULT CHARSET=utf8mb4 COLLATE=utf8mb4_unicode_ci;

--
-- Dumping data for table `tipo_motor`
--

INSERT INTO `tipo_motor` (`id`, `vigencia`, `descripcion`, `created_at`, `updated_at`) VALUES
(1, 1, 'diesel', NULL, NULL),
(2, 1, 'bencinero', NULL, NULL),
(3, 1, 'electrico', NULL, NULL),
(4, 1, 'hibrido', NULL, NULL);

-- --------------------------------------------------------

--
-- Table structure for table `tipo_servicio`
--

CREATE TABLE `tipo_servicio` (
  `id` bigint(20) UNSIGNED NOT NULL,
  `vigencia` int(11) NOT NULL,
  `descripcion` varchar(45) COLLATE utf8mb4_unicode_ci NOT NULL DEFAULT '',
  `created_at` timestamp NULL DEFAULT NULL,
  `updated_at` timestamp NULL DEFAULT NULL
) ENGINE=InnoDB DEFAULT CHARSET=utf8mb4 COLLATE=utf8mb4_unicode_ci;

--
-- Dumping data for table `tipo_servicio`
--

INSERT INTO `tipo_servicio` (`id`, `vigencia`, `descripcion`, `created_at`, `updated_at`) VALUES
(1, 1, 'mecanico', NULL, NULL),
(2, 1, 'pintura', NULL, NULL),
(3, 1, 'reparacion', NULL, NULL);

-- --------------------------------------------------------

--
-- Table structure for table `tipo_servicio_taller`
--

CREATE TABLE `tipo_servicio_taller` (
  `id` bigint(20) UNSIGNED NOT NULL,
  `vigencia` int(11) DEFAULT NULL,
  `taller_id` bigint(20) UNSIGNED DEFAULT NULL,
  `tipo_servicio_id` bigint(20) UNSIGNED DEFAULT NULL,
  `created_at` timestamp NULL DEFAULT NULL,
  `updated_at` timestamp NULL DEFAULT NULL
) ENGINE=InnoDB DEFAULT CHARSET=utf8mb4 COLLATE=utf8mb4_unicode_ci;

--
-- Dumping data for table `tipo_servicio_taller`
--

INSERT INTO `tipo_servicio_taller` (`id`, `vigencia`, `taller_id`, `tipo_servicio_id`, `created_at`, `updated_at`) VALUES
(16, 1, 33, 1, NULL, NULL);

-- --------------------------------------------------------

--
-- Table structure for table `tipo_usuario`
--

CREATE TABLE `tipo_usuario` (
  `id` bigint(20) UNSIGNED NOT NULL,
  `vigencia` varchar(11) COLLATE utf8mb4_unicode_ci DEFAULT NULL,
  `descripcion` varchar(45) COLLATE utf8mb4_unicode_ci NOT NULL DEFAULT '',
  `created_at` timestamp NULL DEFAULT NULL,
  `updated_at` timestamp NULL DEFAULT NULL
) ENGINE=InnoDB DEFAULT CHARSET=utf8mb4 COLLATE=utf8mb4_unicode_ci;

--
-- Dumping data for table `tipo_usuario`
--

INSERT INTO `tipo_usuario` (`id`, `vigencia`, `descripcion`, `created_at`, `updated_at`) VALUES
(1, '1', 'administrador', NULL, NULL),
(2, '1', 'supervisor', NULL, NULL),
(3, '1', 'cliente', NULL, NULL);

-- --------------------------------------------------------

--
-- Table structure for table `tipo_vehiculo`
--

CREATE TABLE `tipo_vehiculo` (
  `id` bigint(20) UNSIGNED NOT NULL,
  `vigencia` int(11) NOT NULL,
  `descripcion` varchar(45) COLLATE utf8mb4_unicode_ci NOT NULL DEFAULT '',
  `created_at` timestamp NULL DEFAULT NULL,
  `updated_at` timestamp NULL DEFAULT NULL
) ENGINE=InnoDB DEFAULT CHARSET=utf8mb4 COLLATE=utf8mb4_unicode_ci;

--
-- Dumping data for table `tipo_vehiculo`
--

INSERT INTO `tipo_vehiculo` (`id`, `vigencia`, `descripcion`, `created_at`, `updated_at`) VALUES
(1, 1, 'sedan', NULL, NULL),
(2, 1, 'sub', NULL, NULL),
(3, 1, 'jeep', NULL, NULL),
(4, 1, 'camioneta', NULL, NULL),
(5, 1, 'deportivo', NULL, NULL),
(6, 1, 'furgon', NULL, NULL),
(7, 1, 'micro-bus', NULL, NULL),
(8, 1, 'bus  ', NULL, NULL),
(9, 1, 'camion 3/4 ', NULL, NULL),
(10, 1, 'camion tolva', NULL, NULL),
(11, 1, 'camion aljibe', NULL, NULL),
(12, 1, 'camion plano', NULL, NULL),
(13, 1, 'camion tracto', NULL, NULL),
(14, 1, 'cargador frontal', NULL, NULL),
(15, 1, 'retroexcavadora ', NULL, NULL),
(16, 1, 'excavadora  ', NULL, NULL),
(17, 1, 'excavadora-neumaticos', NULL, NULL),
(18, 1, 'motoniveladora  ', NULL, NULL),
(19, 1, 'rodillo ', NULL, NULL),
(20, 1, 'tractor ', NULL, NULL),
(21, 1, 'bulldozer ', NULL, NULL),
(22, 1, 'minicargador', NULL, NULL),
(23, 1, 'miniexcavadora', NULL, NULL),
(24, 1, 'grupo electrogeno-generador', NULL, NULL);

-- --------------------------------------------------------

--
-- Table structure for table `users`
--

CREATE TABLE `users` (
  `id` bigint(20) UNSIGNED NOT NULL,
  `vigencia` int(11) NOT NULL,
  `tipo_cliente_id` bigint(20) UNSIGNED DEFAULT NULL,
  `tipo_usuario_id` bigint(20) UNSIGNED DEFAULT NULL,
  `taller_id` bigint(20) UNSIGNED DEFAULT NULL,
  `comuna_id` bigint(20) UNSIGNED DEFAULT NULL,
  `genero_id` bigint(20) UNSIGNED DEFAULT NULL,
  `rut` varchar(15) COLLATE utf8mb4_unicode_ci DEFAULT NULL,
  `digito_verificador` varchar(10) COLLATE utf8mb4_unicode_ci DEFAULT NULL,
  `giro_rubro` varchar(200) COLLATE utf8mb4_unicode_ci DEFAULT NULL,
  `nombre` varchar(45) COLLATE utf8mb4_unicode_ci DEFAULT NULL,
  `a_paterno` varchar(45) COLLATE utf8mb4_unicode_ci DEFAULT NULL,
  `a_materno` varchar(45) COLLATE utf8mb4_unicode_ci DEFAULT NULL,
  `f_nacimiento` date DEFAULT NULL,
  `email` varchar(45) COLLATE utf8mb4_unicode_ci NOT NULL DEFAULT '',
  `password` varchar(100) COLLATE utf8mb4_unicode_ci NOT NULL DEFAULT '',
  `direccion` varchar(45) COLLATE utf8mb4_unicode_ci DEFAULT NULL,
  `numeracion` int(11) DEFAULT NULL,
  `telefono_1` int(11) DEFAULT NULL,
  `telefono_2` int(11) DEFAULT NULL,
  `created_at` timestamp NULL DEFAULT NULL,
  `updated_at` timestamp NULL DEFAULT NULL,
  `razon_social` varchar(200) COLLATE utf8mb4_unicode_ci DEFAULT NULL,
  `email_verified_at` timestamp NULL DEFAULT NULL,
  `remember_token` varchar(100) COLLATE utf8mb4_unicode_ci DEFAULT NULL
) ENGINE=InnoDB DEFAULT CHARSET=utf8mb4 COLLATE=utf8mb4_unicode_ci;

--
-- Dumping data for table `users`
--

INSERT INTO `users` (`id`, `vigencia`, `tipo_cliente_id`, `tipo_usuario_id`, `taller_id`, `comuna_id`, `genero_id`, `rut`, `digito_verificador`, `giro_rubro`, `nombre`, `a_paterno`, `a_materno`, `f_nacimiento`, `email`, `password`, `direccion`, `numeracion`, `telefono_1`, `telefono_2`, `created_at`, `updated_at`, `razon_social`, `email_verified_at`, `remember_token`) VALUES
(1, 1, NULL, 1, NULL, 3, NULL, NULL, NULL, NULL, 'Administrador', NULL, NULL, NULL, 'admin@emg.cl', '$2y$10$6ACNNiVkYuUjA9hrugP/bOFKp3n0pLyZTGMa1JsRqECuYJ4OE6dZ6', NULL, NULL, NULL, NULL, '2020-08-03 00:43:19', '2021-04-12 04:49:18', NULL, NULL, 'DhE8xf2L2WKmGQrVI30GXZwSxEnmc2B03JQLgQg23DAU3I9hqMn8Qbgx0N7I'),
(2, 1, NULL, 2, NULL, 1, NULL, NULL, NULL, NULL, 'Supervisor', NULL, NULL, NULL, 'supervisor@emg.cl', '$2y$10$0o76qu85QynEs63VCzjCXObC06OK4Fe5FotN9HzWFYA5nTbDcUadO', NULL, NULL, NULL, NULL, '2020-08-03 04:41:35', '2021-04-25 22:58:25', NULL, NULL, 'wL2rXJgTF0uZVDCpVbPib4piHjYuxGUEjglhHlMr9Sh0lSDt6WRmb6sYaGMV'),
(69, 1, 3, 1, NULL, 30, NULL, '18010015-6', NULL, NULL, 'arturo', NULL, NULL, NULL, 'admin2@emg.cl', '$2y$10$YAP/ludOZ1FQlAl7vsw2eOsHhC/rEVpBNKGUeFxVgfQ73YPMeQZeS', 'balmaceda', 2134, 975282426, 975282426, '2021-05-08 21:06:29', '2021-05-08 21:06:29', NULL, NULL, NULL),
(70, 1, NULL, 1, NULL, 31, 1, '18010015-6', NULL, NULL, 'arturo', 'contreras', 'lamas', '2021-05-08', 'admin3@emg.cl', '$2y$10$mxIsvrMgcxYltkIw4l97XOwfPVeEWpyWA2CnSXMFTwNvASEBA3bli', 'balmaceda', 123, 975282426, 975282426, '2021-05-08 21:18:14', '2021-05-08 21:18:14', NULL, NULL, NULL),
(73, 1, 3, 1, 1, 30, 1, '18010015-6', NULL, NULL, 'arturo', 'contreras', 'lamas', '2021-05-09', 'admin4@emg.cl', '$2y$10$Nm2Sx6xdG6PwAggKCXrCY.CfHGh8ff9lnOscEqD3IbxX59HoeCuoO', 'balmaceda', 1231, 975282426, 975282426, '2021-05-10 02:45:12', '2021-05-10 02:45:12', NULL, NULL, NULL),
(74, 1, 3, 2, 33, 30, 1, '18010015-6', NULL, NULL, 'arturo', 'contreras', 'lamas', '2021-05-09', 'supervisor2@emg.cl', '$2y$10$Doev/SdCsM/3y4OJbBGYreQMTCXjKGfyzHOnYoWfE9KTc0pAnNUIS', 'balmaceda', 123123, 975282426, 975282426, '2021-05-10 02:51:00', '2021-05-10 02:51:00', NULL, NULL, NULL),
(78, 1, 2, 3, 1, 30, 1, '18010015-6', NULL, NULL, 'arturo', 'contreras', 'lamas', '2021-05-09', 'clientep@emg.cl', '$2y$10$2/23QMkheEXEwH6CagFSEOY7H38tZd84.XedYQ/b1yHtoesp02HiO', 'balmaceda', 2342, 975282426, 975282426, '2021-05-10 03:28:14', '2021-05-10 03:28:14', NULL, NULL, NULL);

-- --------------------------------------------------------

--
-- Table structure for table `vehiculo`
--

CREATE TABLE `vehiculo` (
  `id` bigint(20) UNSIGNED NOT NULL,
  `vigencia` int(11) DEFAULT NULL,
  `users_id` bigint(20) UNSIGNED NOT NULL,
  `patente` varchar(10) NOT NULL DEFAULT '',
  `tipo_vehiculo_id` bigint(20) UNSIGNED DEFAULT NULL,
  `tipo_motor_id` bigint(20) UNSIGNED DEFAULT NULL,
  `marca_vehiculo_id` bigint(20) UNSIGNED DEFAULT NULL,
  `modelo_vehiculo_id` bigint(20) UNSIGNED DEFAULT NULL,
  `revision_tecnica` datetime NOT NULL,
  `extintor` datetime NOT NULL,
  `permiso_circulacion` datetime NOT NULL,
  `horometro` varchar(45) NOT NULL DEFAULT '',
  `ano_vehiculo` year(4) NOT NULL,
  `nomenclatura_neumatico` varchar(45) DEFAULT NULL,
  `created_at` timestamp NOT NULL DEFAULT CURRENT_TIMESTAMP,
  `updated_at` timestamp NULL DEFAULT NULL
) ENGINE=InnoDB DEFAULT CHARSET=utf8;

--
-- Dumping data for table `vehiculo`
--

INSERT INTO `vehiculo` (`id`, `vigencia`, `users_id`, `patente`, `tipo_vehiculo_id`, `tipo_motor_id`, `marca_vehiculo_id`, `modelo_vehiculo_id`, `revision_tecnica`, `extintor`, `permiso_circulacion`, `horometro`, `ano_vehiculo`, `nomenclatura_neumatico`, `created_at`, `updated_at`) VALUES
(1, 1, 78, 'DRPH12', 2, 3, 2, 12, '2021-07-04 00:00:00', '2021-07-04 00:00:00', '2021-07-04 00:00:00', '10000', 2021, '250R16', '2021-07-05 01:32:13', '2021-07-05 01:32:13');

--
-- Indexes for dumped tables
--

--
-- Indexes for table `actividad`
--
ALTER TABLE `actividad`
  ADD PRIMARY KEY (`id`),
  ADD KEY `actividad_orden_trabajo_id_foreign` (`orden_trabajo_id`),
  ADD KEY `actividad_categoria_actividad_id_foreign` (`categoria_actividad_id`);

--
-- Indexes for table `categoria_actividad`
--
ALTER TABLE `categoria_actividad`
  ADD PRIMARY KEY (`id`);

--
-- Indexes for table `comuna`
--
ALTER TABLE `comuna`
  ADD PRIMARY KEY (`id`);

--
-- Indexes for table `estado_orden_trabajo`
--
ALTER TABLE `estado_orden_trabajo`
  ADD PRIMARY KEY (`id`);

--
-- Indexes for table `estado_servicio`
--
ALTER TABLE `estado_servicio`
  ADD PRIMARY KEY (`id`);

--
-- Indexes for table `failed_jobs`
--
ALTER TABLE `failed_jobs`
  ADD PRIMARY KEY (`id`);

--
-- Indexes for table `genero`
--
ALTER TABLE `genero`
  ADD PRIMARY KEY (`id`);

--
-- Indexes for table `giro_rubro`
--
ALTER TABLE `giro_rubro`
  ADD PRIMARY KEY (`id`);

--
-- Indexes for table `item_y_servicios`
--
ALTER TABLE `item_y_servicios`
  ADD PRIMARY KEY (`id`),
  ADD KEY `fluido_orden_trabajo_id_foreign` (`actividad_id`),
  ADD KEY `item_y_servicios_orden_trabajo_id_foreign` (`orden_trabajo_id`);

--
-- Indexes for table `marca_vehiculo`
--
ALTER TABLE `marca_vehiculo`
  ADD PRIMARY KEY (`id`);

--
-- Indexes for table `migrations`
--
ALTER TABLE `migrations`
  ADD PRIMARY KEY (`id`);

--
-- Indexes for table `modelo_vehiculo`
--
ALTER TABLE `modelo_vehiculo`
  ADD PRIMARY KEY (`id`),
  ADD KEY `modelo_vehiculo_marca_vehiculo_id_foreign` (`marca_vehiculo_id`);

--
-- Indexes for table `orden_trabajo`
--
ALTER TABLE `orden_trabajo`
  ADD PRIMARY KEY (`id`),
  ADD KEY `orden_trabajo_estado_orden_trabajo_id_foreign` (`estado_orden_trabajo_id`),
  ADD KEY `orden_trabajo_servicio_id_foreign` (`servicio_id`);

--
-- Indexes for table `password_resets`
--
ALTER TABLE `password_resets`
  ADD KEY `password_resets_email_index` (`email`);

--
-- Indexes for table `permissions`
--
ALTER TABLE `permissions`
  ADD PRIMARY KEY (`id`),
  ADD UNIQUE KEY `permissions_name_guard_name_unique` (`name`,`guard_name`);

--
-- Indexes for table `provincia`
--
ALTER TABLE `provincia`
  ADD PRIMARY KEY (`id`),
  ADD KEY `provincia_region_id_foreign` (`region_id`);

--
-- Indexes for table `region`
--
ALTER TABLE `region`
  ADD PRIMARY KEY (`id`);

--
-- Indexes for table `roles`
--
ALTER TABLE `roles`
  ADD PRIMARY KEY (`id`),
  ADD UNIQUE KEY `roles_name_guard_name_unique` (`name`,`guard_name`);

--
-- Indexes for table `servicio`
--
ALTER TABLE `servicio`
  ADD PRIMARY KEY (`id`),
  ADD KEY `servicio_vehiculo_id_foreign` (`vehiculo_id`),
  ADD KEY `servicio_users_id_foreign` (`users_id`),
  ADD KEY `servicio_taller_id_foreign` (`taller_id`),
  ADD KEY `servicio_estado_servicio_id_foreign` (`estado_servicio_id`),
  ADD KEY `servicio_tipo_servicio_id_foreign` (`tipo_servicio_id`);

--
-- Indexes for table `taller`
--
ALTER TABLE `taller`
  ADD PRIMARY KEY (`id`),
  ADD KEY `taller_comuna_id_foreign` (`comuna_id`);

--
-- Indexes for table `tipo_cliente`
--
ALTER TABLE `tipo_cliente`
  ADD PRIMARY KEY (`id`);

--
-- Indexes for table `tipo_motor`
--
ALTER TABLE `tipo_motor`
  ADD PRIMARY KEY (`id`);

--
-- Indexes for table `tipo_servicio`
--
ALTER TABLE `tipo_servicio`
  ADD PRIMARY KEY (`id`);

--
-- Indexes for table `tipo_servicio_taller`
--
ALTER TABLE `tipo_servicio_taller`
  ADD PRIMARY KEY (`id`),
  ADD KEY `tipo_servicio_taller_taller_id_foreign` (`taller_id`),
  ADD KEY `tipo_servicio_taller_tipo_servicio_id_foreign` (`tipo_servicio_id`);

--
-- Indexes for table `tipo_usuario`
--
ALTER TABLE `tipo_usuario`
  ADD PRIMARY KEY (`id`);

--
-- Indexes for table `tipo_vehiculo`
--
ALTER TABLE `tipo_vehiculo`
  ADD PRIMARY KEY (`id`);

--
-- Indexes for table `users`
--
ALTER TABLE `users`
  ADD PRIMARY KEY (`id`),
  ADD UNIQUE KEY `users_email_unique` (`email`),
  ADD KEY `users_comunas_id_foreign` (`comuna_id`),
  ADD KEY `users_genero_id_foreign` (`genero_id`),
  ADD KEY `users_tipo_cliente_id_foreign` (`tipo_cliente_id`),
  ADD KEY `users_tipo_usuario_id_foreign` (`tipo_usuario_id`),
  ADD KEY `users_taller_id_foreign` (`taller_id`);

--
-- Indexes for table `vehiculo`
--
ALTER TABLE `vehiculo`
  ADD PRIMARY KEY (`id`),
  ADD UNIQUE KEY `vehiculo_patente_unique` (`patente`),
  ADD KEY `vehiculos_user_id_foreign` (`users_id`) USING BTREE,
  ADD KEY `vehiculo_tipo_vehiculo_id_foreign` (`tipo_vehiculo_id`),
  ADD KEY `vehiculo_tipo_motor_id_foreign` (`tipo_motor_id`),
  ADD KEY `vehiculo_marca_vehiculo_id_foreign` (`marca_vehiculo_id`),
  ADD KEY `vehiculo_modelo_vehiculo_id_foreign` (`modelo_vehiculo_id`);

--
-- AUTO_INCREMENT for dumped tables
--

--
-- AUTO_INCREMENT for table `actividad`
--
ALTER TABLE `actividad`
  MODIFY `id` bigint(20) UNSIGNED NOT NULL AUTO_INCREMENT;

--
-- AUTO_INCREMENT for table `categoria_actividad`
--
ALTER TABLE `categoria_actividad`
  MODIFY `id` bigint(20) UNSIGNED NOT NULL AUTO_INCREMENT, AUTO_INCREMENT=7;

--
-- AUTO_INCREMENT for table `comuna`
--
ALTER TABLE `comuna`
  MODIFY `id` bigint(20) UNSIGNED NOT NULL AUTO_INCREMENT, AUTO_INCREMENT=348;

--
-- AUTO_INCREMENT for table `estado_orden_trabajo`
--
ALTER TABLE `estado_orden_trabajo`
  MODIFY `id` bigint(20) UNSIGNED NOT NULL AUTO_INCREMENT, AUTO_INCREMENT=3;

--
-- AUTO_INCREMENT for table `estado_servicio`
--
ALTER TABLE `estado_servicio`
  MODIFY `id` bigint(20) UNSIGNED NOT NULL AUTO_INCREMENT, AUTO_INCREMENT=4;

--
-- AUTO_INCREMENT for table `failed_jobs`
--
ALTER TABLE `failed_jobs`
  MODIFY `id` bigint(20) UNSIGNED NOT NULL AUTO_INCREMENT;

--
-- AUTO_INCREMENT for table `genero`
--
ALTER TABLE `genero`
  MODIFY `id` bigint(20) UNSIGNED NOT NULL AUTO_INCREMENT, AUTO_INCREMENT=3;

--
-- AUTO_INCREMENT for table `giro_rubro`
--
ALTER TABLE `giro_rubro`
  MODIFY `id` int(10) UNSIGNED NOT NULL AUTO_INCREMENT, AUTO_INCREMENT=12;

--
-- AUTO_INCREMENT for table `item_y_servicios`
--
ALTER TABLE `item_y_servicios`
  MODIFY `id` bigint(20) UNSIGNED NOT NULL AUTO_INCREMENT;

--
-- AUTO_INCREMENT for table `marca_vehiculo`
--
ALTER TABLE `marca_vehiculo`
  MODIFY `id` bigint(20) UNSIGNED NOT NULL AUTO_INCREMENT, AUTO_INCREMENT=57;

--
-- AUTO_INCREMENT for table `migrations`
--
ALTER TABLE `migrations`
  MODIFY `id` int(10) UNSIGNED NOT NULL AUTO_INCREMENT, AUTO_INCREMENT=5;

--
-- AUTO_INCREMENT for table `modelo_vehiculo`
--
ALTER TABLE `modelo_vehiculo`
  MODIFY `id` bigint(20) UNSIGNED NOT NULL AUTO_INCREMENT, AUTO_INCREMENT=3447;

--
-- AUTO_INCREMENT for table `orden_trabajo`
--
ALTER TABLE `orden_trabajo`
  MODIFY `id` bigint(20) UNSIGNED NOT NULL AUTO_INCREMENT;

--
-- AUTO_INCREMENT for table `permissions`
--
ALTER TABLE `permissions`
  MODIFY `id` bigint(20) UNSIGNED NOT NULL AUTO_INCREMENT;

--
-- AUTO_INCREMENT for table `provincia`
--
ALTER TABLE `provincia`
  MODIFY `id` int(11) NOT NULL AUTO_INCREMENT, AUTO_INCREMENT=57;

--
-- AUTO_INCREMENT for table `region`
--
ALTER TABLE `region`
  MODIFY `id` int(11) NOT NULL AUTO_INCREMENT, AUTO_INCREMENT=17;

--
-- AUTO_INCREMENT for table `roles`
--
ALTER TABLE `roles`
  MODIFY `id` bigint(20) UNSIGNED NOT NULL AUTO_INCREMENT;

--
-- AUTO_INCREMENT for table `servicio`
--
ALTER TABLE `servicio`
  MODIFY `id` bigint(20) UNSIGNED NOT NULL AUTO_INCREMENT, AUTO_INCREMENT=2;

--
-- AUTO_INCREMENT for table `taller`
--
ALTER TABLE `taller`
  MODIFY `id` bigint(20) UNSIGNED NOT NULL AUTO_INCREMENT, AUTO_INCREMENT=34;

--
-- AUTO_INCREMENT for table `tipo_cliente`
--
ALTER TABLE `tipo_cliente`
  MODIFY `id` bigint(20) UNSIGNED NOT NULL AUTO_INCREMENT, AUTO_INCREMENT=4;

--
-- AUTO_INCREMENT for table `tipo_motor`
--
ALTER TABLE `tipo_motor`
  MODIFY `id` bigint(20) UNSIGNED NOT NULL AUTO_INCREMENT, AUTO_INCREMENT=5;

--
-- AUTO_INCREMENT for table `tipo_servicio`
--
ALTER TABLE `tipo_servicio`
  MODIFY `id` bigint(20) UNSIGNED NOT NULL AUTO_INCREMENT, AUTO_INCREMENT=4;

--
-- AUTO_INCREMENT for table `tipo_servicio_taller`
--
ALTER TABLE `tipo_servicio_taller`
  MODIFY `id` bigint(20) UNSIGNED NOT NULL AUTO_INCREMENT, AUTO_INCREMENT=17;

--
-- AUTO_INCREMENT for table `tipo_usuario`
--
ALTER TABLE `tipo_usuario`
  MODIFY `id` bigint(20) UNSIGNED NOT NULL AUTO_INCREMENT, AUTO_INCREMENT=4;

--
-- AUTO_INCREMENT for table `tipo_vehiculo`
--
ALTER TABLE `tipo_vehiculo`
  MODIFY `id` bigint(20) UNSIGNED NOT NULL AUTO_INCREMENT, AUTO_INCREMENT=25;

--
-- AUTO_INCREMENT for table `users`
--
ALTER TABLE `users`
  MODIFY `id` bigint(20) UNSIGNED NOT NULL AUTO_INCREMENT, AUTO_INCREMENT=79;

--
-- AUTO_INCREMENT for table `vehiculo`
--
ALTER TABLE `vehiculo`
  MODIFY `id` bigint(20) UNSIGNED NOT NULL AUTO_INCREMENT, AUTO_INCREMENT=4;

--
-- Constraints for dumped tables
--

--
-- Constraints for table `actividad`
--
ALTER TABLE `actividad`
  ADD CONSTRAINT `actividad_categoria_actividad_id_foreign` FOREIGN KEY (`categoria_actividad_id`) REFERENCES `categoria_actividad` (`id`) ON DELETE SET NULL ON UPDATE CASCADE,
  ADD CONSTRAINT `actividad_orden_trabajo_id_foreign` FOREIGN KEY (`orden_trabajo_id`) REFERENCES `orden_trabajo` (`id`) ON DELETE CASCADE ON UPDATE CASCADE;

--
-- Constraints for table `item_y_servicios`
--
ALTER TABLE `item_y_servicios`
  ADD CONSTRAINT `item_y_servicios_actividad_id_foreign` FOREIGN KEY (`actividad_id`) REFERENCES `actividad` (`id`) ON DELETE CASCADE ON UPDATE CASCADE,
  ADD CONSTRAINT `item_y_servicios_orden_trabajo_id_foreign` FOREIGN KEY (`orden_trabajo_id`) REFERENCES `orden_trabajo` (`id`) ON DELETE CASCADE ON UPDATE CASCADE;

--
-- Constraints for table `modelo_vehiculo`
--
ALTER TABLE `modelo_vehiculo`
  ADD CONSTRAINT `modelo_vehiculo_marca_vehiculo_id_foreign` FOREIGN KEY (`marca_vehiculo_id`) REFERENCES `marca_vehiculo` (`id`) ON DELETE CASCADE ON UPDATE CASCADE;

--
-- Constraints for table `orden_trabajo`
--
ALTER TABLE `orden_trabajo`
  ADD CONSTRAINT `orden_trabajo_estado_orden_trabajo_id_foreign` FOREIGN KEY (`estado_orden_trabajo_id`) REFERENCES `estado_orden_trabajo` (`id`) ON DELETE SET NULL ON UPDATE CASCADE,
  ADD CONSTRAINT `orden_trabajo_servicio_id_foreign` FOREIGN KEY (`servicio_id`) REFERENCES `servicio` (`id`) ON DELETE CASCADE ON UPDATE CASCADE;

--
-- Constraints for table `provincia`
--
ALTER TABLE `provincia`
  ADD CONSTRAINT `provincia_region_id_foreign` FOREIGN KEY (`region_id`) REFERENCES `region` (`id`) ON DELETE CASCADE ON UPDATE CASCADE;

--
-- Constraints for table `servicio`
--
ALTER TABLE `servicio`
  ADD CONSTRAINT `servicio_estado_servicio_id_foreign` FOREIGN KEY (`estado_servicio_id`) REFERENCES `estado_servicio` (`id`) ON DELETE SET NULL ON UPDATE CASCADE,
  ADD CONSTRAINT `servicio_taller_id_foreign` FOREIGN KEY (`taller_id`) REFERENCES `taller` (`id`) ON DELETE SET NULL ON UPDATE CASCADE,
  ADD CONSTRAINT `servicio_tipo_servicio_id_foreign` FOREIGN KEY (`tipo_servicio_id`) REFERENCES `tipo_servicio` (`id`) ON DELETE SET NULL ON UPDATE CASCADE,
  ADD CONSTRAINT `servicio_users_id_foreign` FOREIGN KEY (`users_id`) REFERENCES `users` (`id`) ON DELETE CASCADE ON UPDATE CASCADE,
  ADD CONSTRAINT `servicio_vehiculo_id_foreign` FOREIGN KEY (`vehiculo_id`) REFERENCES `vehiculo` (`id`) ON DELETE CASCADE ON UPDATE CASCADE;

--
-- Constraints for table `tipo_servicio_taller`
--
ALTER TABLE `tipo_servicio_taller`
  ADD CONSTRAINT `tipo_servicio_taller_taller_id_foreign` FOREIGN KEY (`taller_id`) REFERENCES `taller` (`id`) ON DELETE CASCADE ON UPDATE CASCADE,
  ADD CONSTRAINT `tipo_servicio_taller_tipo_servicio_id_foreign` FOREIGN KEY (`tipo_servicio_id`) REFERENCES `tipo_servicio` (`id`) ON DELETE SET NULL ON UPDATE CASCADE;

--
-- Constraints for table `users`
--
ALTER TABLE `users`
  ADD CONSTRAINT `users_comuna_id_foreign` FOREIGN KEY (`comuna_id`) REFERENCES `comuna` (`id`) ON DELETE SET NULL ON UPDATE CASCADE,
  ADD CONSTRAINT `users_genero_id_foreign` FOREIGN KEY (`genero_id`) REFERENCES `genero` (`id`) ON DELETE SET NULL ON UPDATE CASCADE,
  ADD CONSTRAINT `users_taller_id_foreign` FOREIGN KEY (`taller_id`) REFERENCES `taller` (`id`) ON DELETE SET NULL ON UPDATE CASCADE,
  ADD CONSTRAINT `users_tipo_cliente_id_foreign` FOREIGN KEY (`tipo_cliente_id`) REFERENCES `tipo_cliente` (`id`) ON DELETE SET NULL ON UPDATE CASCADE,
  ADD CONSTRAINT `users_tipo_usuario_id_foreign` FOREIGN KEY (`tipo_usuario_id`) REFERENCES `tipo_usuario` (`id`) ON DELETE SET NULL ON UPDATE CASCADE;

--
-- Constraints for table `vehiculo`
--
ALTER TABLE `vehiculo`
  ADD CONSTRAINT `vehiculo_marca_vehiculo_id_foreign` FOREIGN KEY (`marca_vehiculo_id`) REFERENCES `marca_vehiculo` (`id`) ON DELETE SET NULL ON UPDATE CASCADE,
  ADD CONSTRAINT `vehiculo_modelo_vehiculo_id_foreign` FOREIGN KEY (`modelo_vehiculo_id`) REFERENCES `modelo_vehiculo` (`id`) ON DELETE SET NULL ON UPDATE CASCADE,
  ADD CONSTRAINT `vehiculo_tipo_motor_id_foreign` FOREIGN KEY (`tipo_motor_id`) REFERENCES `tipo_motor` (`id`) ON DELETE SET NULL ON UPDATE CASCADE,
  ADD CONSTRAINT `vehiculo_tipo_vehiculo_id_foreign` FOREIGN KEY (`tipo_vehiculo_id`) REFERENCES `tipo_vehiculo` (`id`) ON DELETE SET NULL ON UPDATE CASCADE,
  ADD CONSTRAINT `vehiculo_users_id_foreign` FOREIGN KEY (`users_id`) REFERENCES `users` (`id`) ON DELETE CASCADE ON UPDATE CASCADE;
